period_label,game_name,event,language,count,metric,period_type
2026-01-03,All Games,Completed,hi,4132,instances,Day
2026-01-03,All Games,Completed,mr,1,instances,Day
2026-01-03,All Games,Started,hi,7301,instances,Day
2026-01-03,All Games,Started,mr,12,instances,Day
2026-01-03,All Games,Completed,hi,2182,visits,Day
2026-01-03,All Games,Completed,mr,1,visits,Day
2026-01-03,All Games,Started,hi,2913,visits,Day
2026-01-03,All Games,Started,mr,3,visits,Day
2026-01-03,All Games,Completed,hi,1977,users,Day
2026-01-03,All Games,Completed,mr,1,users,Day
2026-01-03,All Games,Started,hi,2638,users,Day
2026-01-03,All Games,Started,mr,1,users,Day
2026-01-03,All Games,Completed,All,4133,instances,Day
2026-01-03,All Games,Started,All,7313,instances,Day
2026-01-03,All Games,Completed,All,1978,users,Day
2026-01-03,All Games,Started,All,2639,users,Day
2026-01-03,All Games,Completed,All,2183,visits,Day
2026-01-03,All Games,Started,All,2916,visits,Day
2026-01-03,All Games,RM Active Users,,4639,rm_active_users,Day
2026-01-04,All Games,Completed,hi,843,instances,Day
2026-01-04,All Games,Started,hi,1428,instances,Day
2026-01-04,All Games,Completed,hi,422,visits,Day
2026-01-04,All Games,Started,hi,569,visits,Day
2026-01-04,All Games,Completed,hi,401,users,Day
2026-01-04,All Games,Started,hi,533,users,Day
2026-01-04,All Games,Completed,All,843,instances,Day
2026-01-04,All Games,Started,All,1428,instances,Day
2026-01-04,All Games,Completed,All,401,users,Day
2026-01-04,All Games,Started,All,533,users,Day
2026-01-04,All Games,Completed,All,422,visits,Day
2026-01-04,All Games,Started,All,569,visits,Day
2026-01-04,All Games,RM Active Users,,320,rm_active_users,Day
2026-01-05,All Games,Completed,hi,332,instances,Day
2026-01-05,All Games,Started,hi,527,instances,Day
2026-01-05,All Games,Completed,hi,169,visits,Day
2026-01-05,All Games,Started,hi,228,visits,Day
2026-01-05,All Games,Completed,hi,160,users,Day
2026-01-05,All Games,Started,hi,216,users,Day
2026-01-05,All Games,Completed,All,332,instances,Day
2026-01-05,All Games,Started,All,527,instances,Day
2026-01-05,All Games,Completed,All,160,users,Day
2026-01-05,All Games,Started,All,216,users,Day
2026-01-05,All Games,Completed,All,169,visits,Day
2026-01-05,All Games,Started,All,228,visits,Day
2026-01-05,All Games,RM Active Users,,4230,rm_active_users,Day
2026-01-06,All Games,Completed,hi,147,instances,Day
2026-01-06,All Games,Started,hi,213,instances,Day
2026-01-06,All Games,Completed,hi,80,visits,Day
2026-01-06,All Games,Started,hi,102,visits,Day
2026-01-06,All Games,Completed,hi,76,users,Day
2026-01-06,All Games,Started,hi,100,users,Day
2026-01-06,All Games,Completed,All,147,instances,Day
2026-01-06,All Games,Started,All,213,instances,Day
2026-01-06,All Games,Completed,All,76,users,Day
2026-01-06,All Games,Started,All,100,users,Day
2026-01-06,All Games,Completed,All,80,visits,Day
2026-01-06,All Games,Started,All,102,visits,Day
2026-01-06,All Games,RM Active Users,,3548,rm_active_users,Day
2026-01-07,All Games,Completed,hi,131,instances,Day
2026-01-07,All Games,Started,hi,217,instances,Day
2026-01-07,All Games,Completed,hi,67,visits,Day
2026-01-07,All Games,Started,hi,110,visits,Day
2026-01-07,All Games,Completed,hi,64,users,Day
2026-01-07,All Games,Started,hi,105,users,Day
2026-01-07,All Games,Completed,All,131,instances,Day
2026-01-07,All Games,Started,All,217,instances,Day
2026-01-07,All Games,Completed,All,64,users,Day
2026-01-07,All Games,Started,All,105,users,Day
2026-01-07,All Games,Completed,All,67,visits,Day
2026-01-07,All Games,Started,All,110,visits,Day
2026-01-07,All Games,RM Active Users,,4410,rm_active_users,Day
2026-01-08,All Games,Completed,hi,58,instances,Day
2026-01-08,All Games,Started,hi,88,instances,Day
2026-01-08,All Games,Completed,hi,32,visits,Day
2026-01-08,All Games,Started,hi,41,visits,Day
2026-01-08,All Games,Completed,hi,31,users,Day
2026-01-08,All Games,Started,hi,39,users,Day
2026-01-08,All Games,Completed,All,58,instances,Day
2026-01-08,All Games,Started,All,88,instances,Day
2026-01-08,All Games,Completed,All,31,users,Day
2026-01-08,All Games,Started,All,39,users,Day
2026-01-08,All Games,Completed,All,32,visits,Day
2026-01-08,All Games,Started,All,41,visits,Day
2026-01-08,All Games,RM Active Users,,4412,rm_active_users,Day
2026-01-09,All Games,Completed,hi,9391,instances,Day
2026-01-09,All Games,Started,hi,16579,instances,Day
2026-01-09,All Games,Started,mr,16,instances,Day
2026-01-09,All Games,Completed,hi,5164,visits,Day
2026-01-09,All Games,Started,hi,7291,visits,Day
2026-01-09,All Games,Started,mr,5,visits,Day
2026-01-09,All Games,Completed,hi,4803,users,Day
2026-01-09,All Games,Started,hi,6695,users,Day
2026-01-09,All Games,Started,mr,1,users,Day
2026-01-09,All Games,Completed,All,9391,instances,Day
2026-01-09,All Games,Started,All,16595,instances,Day
2026-01-09,All Games,Completed,All,4803,users,Day
2026-01-09,All Games,Started,All,6696,users,Day
2026-01-09,All Games,Completed,All,5164,visits,Day
2026-01-09,All Games,Started,All,7296,visits,Day
2026-01-09,All Games,RM Active Users,,4825,rm_active_users,Day
2026-01-10,All Games,Completed,hi,3787,instances,Day
2026-01-10,All Games,Completed,mr,1,instances,Day
2026-01-10,All Games,Started,hi,6730,instances,Day
2026-01-10,All Games,Started,mr,5,instances,Day
2026-01-10,All Games,Completed,hi,2243,visits,Day
2026-01-10,All Games,Completed,mr,1,visits,Day
2026-01-10,All Games,Started,hi,3272,visits,Day
2026-01-10,All Games,Started,mr,3,visits,Day
2026-01-10,All Games,Completed,hi,2118,users,Day
2026-01-10,All Games,Completed,mr,1,users,Day
2026-01-10,All Games,Started,hi,3096,users,Day
2026-01-10,All Games,Started,mr,1,users,Day
2026-01-10,All Games,Completed,All,3788,instances,Day
2026-01-10,All Games,Started,All,6735,instances,Day
2026-01-10,All Games,Completed,All,2119,users,Day
2026-01-10,All Games,Started,All,3097,users,Day
2026-01-10,All Games,Completed,All,2244,visits,Day
2026-01-10,All Games,Started,All,3275,visits,Day
2026-01-10,All Games,RM Active Users,,5283,rm_active_users,Day
2026-01-11,All Games,Completed,hi,1000,instances,Day
2026-01-11,All Games,Started,hi,1602,instances,Day
2026-01-11,All Games,Started,mr,8,instances,Day
2026-01-11,All Games,Completed,hi,578,visits,Day
2026-01-11,All Games,Started,hi,776,visits,Day
2026-01-11,All Games,Started,mr,4,visits,Day
2026-01-11,All Games,Completed,hi,556,users,Day
2026-01-11,All Games,Started,hi,734,users,Day
2026-01-11,All Games,Started,mr,1,users,Day
2026-01-11,All Games,Completed,All,1000,instances,Day
2026-01-11,All Games,Started,All,1610,instances,Day
2026-01-11,All Games,Completed,All,556,users,Day
2026-01-11,All Games,Started,All,735,users,Day
2026-01-11,All Games,Completed,All,578,visits,Day
2026-01-11,All Games,Started,All,780,visits,Day
2026-01-11,All Games,RM Active Users,,471,rm_active_users,Day
2026-01-12,All Games,Completed,hi,356,instances,Day
2026-01-12,All Games,Started,hi,582,instances,Day
2026-01-12,All Games,Started,mr,2,instances,Day
2026-01-12,All Games,Completed,hi,203,visits,Day
2026-01-12,All Games,Started,hi,299,visits,Day
2026-01-12,All Games,Started,mr,2,visits,Day
2026-01-12,All Games,Completed,hi,196,users,Day
2026-01-12,All Games,Started,hi,283,users,Day
2026-01-12,All Games,Started,mr,1,users,Day
2026-01-12,All Games,Completed,All,356,instances,Day
2026-01-12,All Games,Started,All,584,instances,Day
2026-01-12,All Games,Completed,All,196,users,Day
2026-01-12,All Games,Started,All,284,users,Day
2026-01-12,All Games,Completed,All,203,visits,Day
2026-01-12,All Games,Started,All,301,visits,Day
2026-01-12,All Games,RM Active Users,,4454,rm_active_users,Day
2026-01-13,All Games,Completed,hi,132,instances,Day
2026-01-13,All Games,Started,hi,187,instances,Day
2026-01-13,All Games,Completed,hi,69,visits,Day
2026-01-13,All Games,Started,hi,94,visits,Day
2026-01-13,All Games,Completed,hi,65,users,Day
2026-01-13,All Games,Started,hi,90,users,Day
2026-01-13,All Games,Completed,All,132,instances,Day
2026-01-13,All Games,Started,All,187,instances,Day
2026-01-13,All Games,Completed,All,65,users,Day
2026-01-13,All Games,Started,All,90,users,Day
2026-01-13,All Games,Completed,All,69,visits,Day
2026-01-13,All Games,Started,All,94,visits,Day
2026-01-13,All Games,RM Active Users,,4842,rm_active_users,Day
2026-01-14,All Games,Completed,hi,49,instances,Day
2026-01-14,All Games,Started,hi,77,instances,Day
2026-01-14,All Games,Completed,hi,27,visits,Day
2026-01-14,All Games,Started,hi,38,visits,Day
2026-01-14,All Games,Completed,hi,27,users,Day
2026-01-14,All Games,Started,hi,38,users,Day
2026-01-14,All Games,Completed,All,49,instances,Day
2026-01-14,All Games,Started,All,77,instances,Day
2026-01-14,All Games,Completed,All,27,users,Day
2026-01-14,All Games,Started,All,38,users,Day
2026-01-14,All Games,Completed,All,27,visits,Day
2026-01-14,All Games,Started,All,38,visits,Day
2026-01-14,All Games,RM Active Users,,3712,rm_active_users,Day
2026-01-15,All Games,Completed,hi,50,instances,Day
2026-01-15,All Games,Started,hi,62,instances,Day
2026-01-15,All Games,Completed,hi,28,visits,Day
2026-01-15,All Games,Started,hi,36,visits,Day
2026-01-15,All Games,Completed,hi,26,users,Day
2026-01-15,All Games,Started,hi,34,users,Day
2026-01-15,All Games,Completed,All,50,instances,Day
2026-01-15,All Games,Started,All,62,instances,Day
2026-01-15,All Games,Completed,All,26,users,Day
2026-01-15,All Games,Started,All,34,users,Day
2026-01-15,All Games,Completed,All,28,visits,Day
2026-01-15,All Games,Started,All,36,visits,Day
2026-01-15,All Games,RM Active Users,,4666,rm_active_users,Day
2026-01-16,All Games,Completed,hi,3946,instances,Day
2026-01-16,All Games,Started,hi,5011,instances,Day
2026-01-16,All Games,Completed,hi,2265,visits,Day
2026-01-16,All Games,Started,hi,2574,visits,Day
2026-01-16,All Games,Completed,hi,2203,users,Day
2026-01-16,All Games,Started,hi,2460,users,Day
2026-01-16,All Games,Completed,All,3946,instances,Day
2026-01-16,All Games,Started,All,5011,instances,Day
2026-01-16,All Games,Completed,All,2203,users,Day
2026-01-16,All Games,Started,All,2460,users,Day
2026-01-16,All Games,Completed,All,2265,visits,Day
2026-01-16,All Games,Started,All,2574,visits,Day
2026-01-16,All Games,RM Active Users,,3493,rm_active_users,Day
2026-01-17,All Games,Completed,hi,1788,instances,Day
2026-01-17,All Games,Started,hi,2297,instances,Day
2026-01-17,All Games,Completed,hi,1078,visits,Day
2026-01-17,All Games,Started,hi,1228,visits,Day
2026-01-17,All Games,Completed,hi,1065,users,Day
2026-01-17,All Games,Started,hi,1199,users,Day
2026-01-17,All Games,Completed,All,1788,instances,Day
2026-01-17,All Games,Started,All,2297,instances,Day
2026-01-17,All Games,Completed,All,1065,users,Day
2026-01-17,All Games,Started,All,1199,users,Day
2026-01-17,All Games,Completed,All,1078,visits,Day
2026-01-17,All Games,Started,All,1228,visits,Day
2026-01-18,All Games,Completed,hi,316,instances,Day
2026-01-18,All Games,Started,hi,421,instances,Day
2026-01-18,All Games,Completed,hi,179,visits,Day
2026-01-18,All Games,Started,hi,210,visits,Day
2026-01-18,All Games,Completed,hi,175,users,Day
2026-01-18,All Games,Started,hi,203,users,Day
2026-01-18,All Games,Completed,All,316,instances,Day
2026-01-18,All Games,Started,All,421,instances,Day
2026-01-18,All Games,Completed,All,175,users,Day
2026-01-18,All Games,Started,All,203,users,Day
2026-01-18,All Games,Completed,All,179,visits,Day
2026-01-18,All Games,Started,All,210,visits,Day
2026-01-19,All Games,Completed,hi,74,instances,Day
2026-01-19,All Games,Started,hi,104,instances,Day
2026-01-19,All Games,Completed,hi,39,visits,Day
2026-01-19,All Games,Started,hi,47,visits,Day
2026-01-19,All Games,Completed,hi,39,users,Day
2026-01-19,All Games,Started,hi,47,users,Day
2026-01-19,All Games,Completed,All,74,instances,Day
2026-01-19,All Games,Started,All,104,instances,Day
2026-01-19,All Games,Completed,All,39,users,Day
2026-01-19,All Games,Started,All,47,users,Day
2026-01-19,All Games,Completed,All,39,visits,Day
2026-01-19,All Games,Started,All,47,visits,Day
2026-01-03,language_development_1,Completed,hi,168,instances,Day
2026-01-03,language_development_1,Started,hi,197,instances,Day
2026-01-03,language_development_1,Completed,hi,102,visits,Day
2026-01-03,language_development_1,Started,hi,111,visits,Day
2026-01-03,language_development_1,Completed,hi,102,users,Day
2026-01-03,language_development_1,Started,hi,110,users,Day
2026-01-03,language_development_1,Completed,All,168,instances,Day
2026-01-03,language_development_1,Started,All,197,instances,Day
2026-01-03,language_development_1,Completed,All,102,users,Day
2026-01-03,language_development_1,Started,All,110,users,Day
2026-01-03,language_development_1,Completed,All,102,visits,Day
2026-01-03,language_development_1,Started,All,111,visits,Day
2026-01-04,language_development_1,Completed,hi,113,instances,Day
2026-01-04,language_development_1,Started,hi,142,instances,Day
2026-01-04,language_development_1,Completed,hi,66,visits,Day
2026-01-04,language_development_1,Started,hi,76,visits,Day
2026-01-04,language_development_1,Completed,hi,66,users,Day
2026-01-04,language_development_1,Started,hi,76,users,Day
2026-01-04,language_development_1,Completed,All,113,instances,Day
2026-01-04,language_development_1,Started,All,142,instances,Day
2026-01-04,language_development_1,Completed,All,66,users,Day
2026-01-04,language_development_1,Started,All,76,users,Day
2026-01-04,language_development_1,Completed,All,66,visits,Day
2026-01-04,language_development_1,Started,All,76,visits,Day
2026-01-05,language_development_1,Completed,hi,57,instances,Day
2026-01-05,language_development_1,Started,hi,67,instances,Day
2026-01-05,language_development_1,Completed,hi,34,visits,Day
2026-01-05,language_development_1,Started,hi,36,visits,Day
2026-01-05,language_development_1,Completed,hi,34,users,Day
2026-01-05,language_development_1,Started,hi,36,users,Day
2026-01-05,language_development_1,Completed,All,57,instances,Day
2026-01-05,language_development_1,Started,All,67,instances,Day
2026-01-05,language_development_1,Completed,All,34,users,Day
2026-01-05,language_development_1,Started,All,36,users,Day
2026-01-05,language_development_1,Completed,All,34,visits,Day
2026-01-05,language_development_1,Started,All,36,visits,Day
2026-01-06,language_development_1,Completed,hi,29,instances,Day
2026-01-06,language_development_1,Started,hi,38,instances,Day
2026-01-06,language_development_1,Completed,hi,16,visits,Day
2026-01-06,language_development_1,Started,hi,18,visits,Day
2026-01-06,language_development_1,Completed,hi,16,users,Day
2026-01-06,language_development_1,Started,hi,18,users,Day
2026-01-06,language_development_1,Completed,All,29,instances,Day
2026-01-06,language_development_1,Started,All,38,instances,Day
2026-01-06,language_development_1,Completed,All,16,users,Day
2026-01-06,language_development_1,Started,All,18,users,Day
2026-01-06,language_development_1,Completed,All,16,visits,Day
2026-01-06,language_development_1,Started,All,18,visits,Day
2026-01-07,language_development_1,Completed,hi,23,instances,Day
2026-01-07,language_development_1,Started,hi,33,instances,Day
2026-01-07,language_development_1,Completed,hi,14,visits,Day
2026-01-07,language_development_1,Started,hi,17,visits,Day
2026-01-07,language_development_1,Completed,hi,14,users,Day
2026-01-07,language_development_1,Started,hi,17,users,Day
2026-01-07,language_development_1,Completed,All,23,instances,Day
2026-01-07,language_development_1,Started,All,33,instances,Day
2026-01-07,language_development_1,Completed,All,14,users,Day
2026-01-07,language_development_1,Started,All,17,users,Day
2026-01-07,language_development_1,Completed,All,14,visits,Day
2026-01-07,language_development_1,Started,All,17,visits,Day
2026-01-08,language_development_1,Completed,hi,17,instances,Day
2026-01-08,language_development_1,Started,hi,20,instances,Day
2026-01-08,language_development_1,Completed,hi,9,visits,Day
2026-01-08,language_development_1,Started,hi,9,visits,Day
2026-01-08,language_development_1,Completed,hi,9,users,Day
2026-01-08,language_development_1,Started,hi,9,users,Day
2026-01-08,language_development_1,Completed,All,17,instances,Day
2026-01-08,language_development_1,Started,All,20,instances,Day
2026-01-08,language_development_1,Completed,All,9,users,Day
2026-01-08,language_development_1,Started,All,9,users,Day
2026-01-08,language_development_1,Completed,All,9,visits,Day
2026-01-08,language_development_1,Started,All,9,visits,Day
2026-01-09,language_development_1,Completed,hi,795,instances,Day
2026-01-09,language_development_1,Started,hi,974,instances,Day
2026-01-09,language_development_1,Completed,hi,471,visits,Day
2026-01-09,language_development_1,Started,hi,528,visits,Day
2026-01-09,language_development_1,Completed,hi,464,users,Day
2026-01-09,language_development_1,Started,hi,519,users,Day
2026-01-09,language_development_1,Completed,All,795,instances,Day
2026-01-09,language_development_1,Started,All,974,instances,Day
2026-01-09,language_development_1,Completed,All,464,users,Day
2026-01-09,language_development_1,Started,All,519,users,Day
2026-01-09,language_development_1,Completed,All,471,visits,Day
2026-01-09,language_development_1,Started,All,528,visits,Day
2026-01-10,language_development_1,Completed,hi,162,instances,Day
2026-01-10,language_development_1,Started,hi,222,instances,Day
2026-01-10,language_development_1,Completed,hi,97,visits,Day
2026-01-10,language_development_1,Started,hi,126,visits,Day
2026-01-10,language_development_1,Completed,hi,97,users,Day
2026-01-10,language_development_1,Started,hi,125,users,Day
2026-01-10,language_development_1,Completed,All,162,instances,Day
2026-01-10,language_development_1,Started,All,222,instances,Day
2026-01-10,language_development_1,Completed,All,97,users,Day
2026-01-10,language_development_1,Started,All,125,users,Day
2026-01-10,language_development_1,Completed,All,97,visits,Day
2026-01-10,language_development_1,Started,All,126,visits,Day
2026-01-11,language_development_1,Completed,hi,20,instances,Day
2026-01-11,language_development_1,Started,hi,27,instances,Day
2026-01-11,language_development_1,Completed,hi,17,visits,Day
2026-01-11,language_development_1,Started,hi,23,visits,Day
2026-01-11,language_development_1,Completed,hi,16,users,Day
2026-01-11,language_development_1,Started,hi,21,users,Day
2026-01-11,language_development_1,Completed,All,20,instances,Day
2026-01-11,language_development_1,Started,All,27,instances,Day
2026-01-11,language_development_1,Completed,All,16,users,Day
2026-01-11,language_development_1,Started,All,21,users,Day
2026-01-11,language_development_1,Completed,All,17,visits,Day
2026-01-11,language_development_1,Started,All,23,visits,Day
2026-01-12,language_development_1,Completed,hi,26,instances,Day
2026-01-12,language_development_1,Started,hi,27,instances,Day
2026-01-12,language_development_1,Completed,hi,13,visits,Day
2026-01-12,language_development_1,Started,hi,13,visits,Day
2026-01-12,language_development_1,Completed,hi,13,users,Day
2026-01-12,language_development_1,Started,hi,13,users,Day
2026-01-12,language_development_1,Completed,All,26,instances,Day
2026-01-12,language_development_1,Started,All,27,instances,Day
2026-01-12,language_development_1,Completed,All,13,users,Day
2026-01-12,language_development_1,Started,All,13,users,Day
2026-01-12,language_development_1,Completed,All,13,visits,Day
2026-01-12,language_development_1,Started,All,13,visits,Day
2026-01-13,language_development_1,Completed,hi,1,instances,Day
2026-01-13,language_development_1,Started,hi,2,instances,Day
2026-01-13,language_development_1,Completed,hi,1,visits,Day
2026-01-13,language_development_1,Started,hi,1,visits,Day
2026-01-13,language_development_1,Completed,hi,1,users,Day
2026-01-13,language_development_1,Started,hi,1,users,Day
2026-01-13,language_development_1,Completed,All,1,instances,Day
2026-01-13,language_development_1,Started,All,2,instances,Day
2026-01-13,language_development_1,Completed,All,1,users,Day
2026-01-13,language_development_1,Started,All,1,users,Day
2026-01-13,language_development_1,Completed,All,1,visits,Day
2026-01-13,language_development_1,Started,All,1,visits,Day
2026-01-14,language_development_1,Completed,hi,2,instances,Day
2026-01-14,language_development_1,Started,hi,2,instances,Day
2026-01-14,language_development_1,Completed,hi,2,visits,Day
2026-01-14,language_development_1,Started,hi,2,visits,Day
2026-01-14,language_development_1,Completed,hi,2,users,Day
2026-01-14,language_development_1,Started,hi,2,users,Day
2026-01-14,language_development_1,Completed,All,2,instances,Day
2026-01-14,language_development_1,Started,All,2,instances,Day
2026-01-14,language_development_1,Completed,All,2,users,Day
2026-01-14,language_development_1,Started,All,2,users,Day
2026-01-14,language_development_1,Completed,All,2,visits,Day
2026-01-14,language_development_1,Started,All,2,visits,Day
2026-01-15,language_development_1,Started,hi,1,instances,Day
2026-01-15,language_development_1,Started,hi,1,visits,Day
2026-01-15,language_development_1,Started,hi,1,users,Day
2026-01-15,language_development_1,Started,All,1,instances,Day
2026-01-15,language_development_1,Started,All,1,users,Day
2026-01-15,language_development_1,Started,All,1,visits,Day
2026-01-16,language_development_1,Completed,hi,238,instances,Day
2026-01-16,language_development_1,Started,hi,316,instances,Day
2026-01-16,language_development_1,Completed,hi,130,visits,Day
2026-01-16,language_development_1,Started,hi,166,visits,Day
2026-01-16,language_development_1,Completed,hi,128,users,Day
2026-01-16,language_development_1,Started,hi,163,users,Day
2026-01-16,language_development_1,Completed,All,238,instances,Day
2026-01-16,language_development_1,Started,All,316,instances,Day
2026-01-16,language_development_1,Completed,All,128,users,Day
2026-01-16,language_development_1,Started,All,163,users,Day
2026-01-16,language_development_1,Completed,All,130,visits,Day
2026-01-16,language_development_1,Started,All,166,visits,Day
2026-01-17,language_development_1,Completed,hi,222,instances,Day
2026-01-17,language_development_1,Started,hi,288,instances,Day
2026-01-17,language_development_1,Completed,hi,146,visits,Day
2026-01-17,language_development_1,Started,hi,178,visits,Day
2026-01-17,language_development_1,Completed,hi,146,users,Day
2026-01-17,language_development_1,Started,hi,177,users,Day
2026-01-17,language_development_1,Completed,All,222,instances,Day
2026-01-17,language_development_1,Started,All,288,instances,Day
2026-01-17,language_development_1,Completed,All,146,users,Day
2026-01-17,language_development_1,Started,All,177,users,Day
2026-01-17,language_development_1,Completed,All,146,visits,Day
2026-01-17,language_development_1,Started,All,178,visits,Day
2026-01-18,language_development_1,Completed,hi,72,instances,Day
2026-01-18,language_development_1,Started,hi,93,instances,Day
2026-01-18,language_development_1,Completed,hi,43,visits,Day
2026-01-18,language_development_1,Started,hi,49,visits,Day
2026-01-18,language_development_1,Completed,hi,42,users,Day
2026-01-18,language_development_1,Started,hi,47,users,Day
2026-01-18,language_development_1,Completed,All,72,instances,Day
2026-01-18,language_development_1,Started,All,93,instances,Day
2026-01-18,language_development_1,Completed,All,42,users,Day
2026-01-18,language_development_1,Started,All,47,users,Day
2026-01-18,language_development_1,Completed,All,43,visits,Day
2026-01-18,language_development_1,Started,All,49,visits,Day
2026-01-19,language_development_1,Completed,hi,9,instances,Day
2026-01-19,language_development_1,Started,hi,13,instances,Day
2026-01-19,language_development_1,Completed,hi,5,visits,Day
2026-01-19,language_development_1,Started,hi,6,visits,Day
2026-01-19,language_development_1,Completed,hi,5,users,Day
2026-01-19,language_development_1,Started,hi,6,users,Day
2026-01-19,language_development_1,Completed,All,9,instances,Day
2026-01-19,language_development_1,Started,All,13,instances,Day
2026-01-19,language_development_1,Completed,All,5,users,Day
2026-01-19,language_development_1,Started,All,6,users,Day
2026-01-19,language_development_1,Completed,All,5,visits,Day
2026-01-19,language_development_1,Started,All,6,visits,Day
2026-01-03,redirected to emotional_development,Completed,hi,1603,instances,Day
2026-01-03,redirected to emotional_development,Started,hi,2205,instances,Day
2026-01-03,redirected to emotional_development,Started,mr,1,instances,Day
2026-01-03,redirected to emotional_development,Completed,hi,985,visits,Day
2026-01-03,redirected to emotional_development,Started,hi,1184,visits,Day
2026-01-03,redirected to emotional_development,Started,mr,1,visits,Day
2026-01-03,redirected to emotional_development,Completed,hi,930,users,Day
2026-01-03,redirected to emotional_development,Started,hi,1102,users,Day
2026-01-03,redirected to emotional_development,Started,mr,1,users,Day
2026-01-03,redirected to emotional_development,Completed,All,1603,instances,Day
2026-01-03,redirected to emotional_development,Started,All,2206,instances,Day
2026-01-03,redirected to emotional_development,Completed,All,930,users,Day
2026-01-03,redirected to emotional_development,Started,All,1103,users,Day
2026-01-03,redirected to emotional_development,Completed,All,985,visits,Day
2026-01-03,redirected to emotional_development,Started,All,1185,visits,Day
2026-01-04,redirected to emotional_development,Completed,hi,233,instances,Day
2026-01-04,redirected to emotional_development,Started,hi,327,instances,Day
2026-01-04,redirected to emotional_development,Completed,hi,150,visits,Day
2026-01-04,redirected to emotional_development,Started,hi,193,visits,Day
2026-01-04,redirected to emotional_development,Completed,hi,147,users,Day
2026-01-04,redirected to emotional_development,Started,hi,183,users,Day
2026-01-04,redirected to emotional_development,Completed,All,233,instances,Day
2026-01-04,redirected to emotional_development,Started,All,327,instances,Day
2026-01-04,redirected to emotional_development,Completed,All,147,users,Day
2026-01-04,redirected to emotional_development,Started,All,183,users,Day
2026-01-04,redirected to emotional_development,Completed,All,150,visits,Day
2026-01-04,redirected to emotional_development,Started,All,193,visits,Day
2026-01-05,redirected to emotional_development,Completed,hi,115,instances,Day
2026-01-05,redirected to emotional_development,Started,hi,140,instances,Day
2026-01-05,redirected to emotional_development,Completed,hi,72,visits,Day
2026-01-05,redirected to emotional_development,Started,hi,79,visits,Day
2026-01-05,redirected to emotional_development,Completed,hi,69,users,Day
2026-01-05,redirected to emotional_development,Started,hi,77,users,Day
2026-01-05,redirected to emotional_development,Completed,All,115,instances,Day
2026-01-05,redirected to emotional_development,Started,All,140,instances,Day
2026-01-05,redirected to emotional_development,Completed,All,69,users,Day
2026-01-05,redirected to emotional_development,Started,All,77,users,Day
2026-01-05,redirected to emotional_development,Completed,All,72,visits,Day
2026-01-05,redirected to emotional_development,Started,All,79,visits,Day
2026-01-06,redirected to emotional_development,Completed,hi,58,instances,Day
2026-01-06,redirected to emotional_development,Started,hi,78,instances,Day
2026-01-06,redirected to emotional_development,Completed,hi,41,visits,Day
2026-01-06,redirected to emotional_development,Started,hi,48,visits,Day
2026-01-06,redirected to emotional_development,Completed,hi,41,users,Day
2026-01-06,redirected to emotional_development,Started,hi,48,users,Day
2026-01-06,redirected to emotional_development,Completed,All,58,instances,Day
2026-01-06,redirected to emotional_development,Started,All,78,instances,Day
2026-01-06,redirected to emotional_development,Completed,All,41,users,Day
2026-01-06,redirected to emotional_development,Started,All,48,users,Day
2026-01-06,redirected to emotional_development,Completed,All,41,visits,Day
2026-01-06,redirected to emotional_development,Started,All,48,visits,Day
2026-01-07,redirected to emotional_development,Completed,hi,47,instances,Day
2026-01-07,redirected to emotional_development,Started,hi,84,instances,Day
2026-01-07,redirected to emotional_development,Completed,hi,32,visits,Day
2026-01-07,redirected to emotional_development,Started,hi,55,visits,Day
2026-01-07,redirected to emotional_development,Completed,hi,32,users,Day
2026-01-07,redirected to emotional_development,Started,hi,55,users,Day
2026-01-07,redirected to emotional_development,Completed,All,47,instances,Day
2026-01-07,redirected to emotional_development,Started,All,84,instances,Day
2026-01-07,redirected to emotional_development,Completed,All,32,users,Day
2026-01-07,redirected to emotional_development,Started,All,55,users,Day
2026-01-07,redirected to emotional_development,Completed,All,32,visits,Day
2026-01-07,redirected to emotional_development,Started,All,55,visits,Day
2026-01-08,redirected to emotional_development,Completed,hi,27,instances,Day
2026-01-08,redirected to emotional_development,Started,hi,35,instances,Day
2026-01-08,redirected to emotional_development,Completed,hi,16,visits,Day
2026-01-08,redirected to emotional_development,Started,hi,20,visits,Day
2026-01-08,redirected to emotional_development,Completed,hi,16,users,Day
2026-01-08,redirected to emotional_development,Started,hi,20,users,Day
2026-01-08,redirected to emotional_development,Completed,All,27,instances,Day
2026-01-08,redirected to emotional_development,Started,All,35,instances,Day
2026-01-08,redirected to emotional_development,Completed,All,16,users,Day
2026-01-08,redirected to emotional_development,Started,All,20,users,Day
2026-01-08,redirected to emotional_development,Completed,All,16,visits,Day
2026-01-08,redirected to emotional_development,Started,All,20,visits,Day
2026-01-09,redirected to emotional_development,Completed,hi,1582,instances,Day
2026-01-09,redirected to emotional_development,Started,hi,1880,instances,Day
2026-01-09,redirected to emotional_development,Completed,hi,986,visits,Day
2026-01-09,redirected to emotional_development,Started,hi,1089,visits,Day
2026-01-09,redirected to emotional_development,Completed,hi,960,users,Day
2026-01-09,redirected to emotional_development,Started,hi,1054,users,Day
2026-01-09,redirected to emotional_development,Completed,All,1582,instances,Day
2026-01-09,redirected to emotional_development,Started,All,1880,instances,Day
2026-01-09,redirected to emotional_development,Completed,All,960,users,Day
2026-01-09,redirected to emotional_development,Started,All,1054,users,Day
2026-01-09,redirected to emotional_development,Completed,All,986,visits,Day
2026-01-09,redirected to emotional_development,Started,All,1089,visits,Day
2026-01-10,redirected to emotional_development,Completed,hi,717,instances,Day
2026-01-10,redirected to emotional_development,Started,hi,961,instances,Day
2026-01-10,redirected to emotional_development,Completed,hi,473,visits,Day
2026-01-10,redirected to emotional_development,Started,hi,558,visits,Day
2026-01-10,redirected to emotional_development,Completed,hi,464,users,Day
2026-01-10,redirected to emotional_development,Started,hi,549,users,Day
2026-01-10,redirected to emotional_development,Completed,All,717,instances,Day
2026-01-10,redirected to emotional_development,Started,All,961,instances,Day
2026-01-10,redirected to emotional_development,Completed,All,464,users,Day
2026-01-10,redirected to emotional_development,Started,All,549,users,Day
2026-01-10,redirected to emotional_development,Completed,All,473,visits,Day
2026-01-10,redirected to emotional_development,Started,All,558,visits,Day
2026-01-11,redirected to emotional_development,Completed,hi,193,instances,Day
2026-01-11,redirected to emotional_development,Started,hi,231,instances,Day
2026-01-11,redirected to emotional_development,Completed,hi,127,visits,Day
2026-01-11,redirected to emotional_development,Started,hi,148,visits,Day
2026-01-11,redirected to emotional_development,Completed,hi,124,users,Day
2026-01-11,redirected to emotional_development,Started,hi,142,users,Day
2026-01-11,redirected to emotional_development,Completed,All,193,instances,Day
2026-01-11,redirected to emotional_development,Started,All,231,instances,Day
2026-01-11,redirected to emotional_development,Completed,All,124,users,Day
2026-01-11,redirected to emotional_development,Started,All,142,users,Day
2026-01-11,redirected to emotional_development,Completed,All,127,visits,Day
2026-01-11,redirected to emotional_development,Started,All,148,visits,Day
2026-01-12,redirected to emotional_development,Completed,hi,57,instances,Day
2026-01-12,redirected to emotional_development,Started,hi,78,instances,Day
2026-01-12,redirected to emotional_development,Completed,hi,39,visits,Day
2026-01-12,redirected to emotional_development,Started,hi,49,visits,Day
2026-01-12,redirected to emotional_development,Completed,hi,38,users,Day
2026-01-12,redirected to emotional_development,Started,hi,48,users,Day
2026-01-12,redirected to emotional_development,Completed,All,57,instances,Day
2026-01-12,redirected to emotional_development,Started,All,78,instances,Day
2026-01-12,redirected to emotional_development,Completed,All,38,users,Day
2026-01-12,redirected to emotional_development,Started,All,48,users,Day
2026-01-12,redirected to emotional_development,Completed,All,39,visits,Day
2026-01-12,redirected to emotional_development,Started,All,49,visits,Day
2026-01-13,redirected to emotional_development,Completed,hi,52,instances,Day
2026-01-13,redirected to emotional_development,Started,hi,60,instances,Day
2026-01-13,redirected to emotional_development,Completed,hi,24,visits,Day
2026-01-13,redirected to emotional_development,Started,hi,27,visits,Day
2026-01-13,redirected to emotional_development,Completed,hi,23,users,Day
2026-01-13,redirected to emotional_development,Started,hi,26,users,Day
2026-01-13,redirected to emotional_development,Completed,All,52,instances,Day
2026-01-13,redirected to emotional_development,Started,All,60,instances,Day
2026-01-13,redirected to emotional_development,Completed,All,23,users,Day
2026-01-13,redirected to emotional_development,Started,All,26,users,Day
2026-01-13,redirected to emotional_development,Completed,All,24,visits,Day
2026-01-13,redirected to emotional_development,Started,All,27,visits,Day
2026-01-14,redirected to emotional_development,Completed,hi,14,instances,Day
2026-01-14,redirected to emotional_development,Started,hi,20,instances,Day
2026-01-14,redirected to emotional_development,Completed,hi,10,visits,Day
2026-01-14,redirected to emotional_development,Started,hi,14,visits,Day
2026-01-14,redirected to emotional_development,Completed,hi,10,users,Day
2026-01-14,redirected to emotional_development,Started,hi,14,users,Day
2026-01-14,redirected to emotional_development,Completed,All,14,instances,Day
2026-01-14,redirected to emotional_development,Started,All,20,instances,Day
2026-01-14,redirected to emotional_development,Completed,All,10,users,Day
2026-01-14,redirected to emotional_development,Started,All,14,users,Day
2026-01-14,redirected to emotional_development,Completed,All,10,visits,Day
2026-01-14,redirected to emotional_development,Started,All,14,visits,Day
2026-01-15,redirected to emotional_development,Completed,hi,19,instances,Day
2026-01-15,redirected to emotional_development,Started,hi,19,instances,Day
2026-01-15,redirected to emotional_development,Completed,hi,12,visits,Day
2026-01-15,redirected to emotional_development,Started,hi,12,visits,Day
2026-01-15,redirected to emotional_development,Completed,hi,11,users,Day
2026-01-15,redirected to emotional_development,Started,hi,11,users,Day
2026-01-15,redirected to emotional_development,Completed,All,19,instances,Day
2026-01-15,redirected to emotional_development,Started,All,19,instances,Day
2026-01-15,redirected to emotional_development,Completed,All,11,users,Day
2026-01-15,redirected to emotional_development,Started,All,11,users,Day
2026-01-15,redirected to emotional_development,Completed,All,12,visits,Day
2026-01-15,redirected to emotional_development,Started,All,12,visits,Day
2026-01-16,redirected to emotional_development,Completed,hi,1953,instances,Day
2026-01-16,redirected to emotional_development,Started,hi,2443,instances,Day
2026-01-16,redirected to emotional_development,Completed,hi,1201,visits,Day
2026-01-16,redirected to emotional_development,Started,hi,1366,visits,Day
2026-01-16,redirected to emotional_development,Completed,hi,1185,users,Day
2026-01-16,redirected to emotional_development,Started,hi,1338,users,Day
2026-01-16,redirected to emotional_development,Completed,All,1953,instances,Day
2026-01-16,redirected to emotional_development,Started,All,2443,instances,Day
2026-01-16,redirected to emotional_development,Completed,All,1185,users,Day
2026-01-16,redirected to emotional_development,Started,All,1338,users,Day
2026-01-16,redirected to emotional_development,Completed,All,1201,visits,Day
2026-01-16,redirected to emotional_development,Started,All,1366,visits,Day
2026-01-17,redirected to emotional_development,Completed,hi,583,instances,Day
2026-01-17,redirected to emotional_development,Started,hi,715,instances,Day
2026-01-17,redirected to emotional_development,Completed,hi,402,visits,Day
2026-01-17,redirected to emotional_development,Started,hi,460,visits,Day
2026-01-17,redirected to emotional_development,Completed,hi,402,users,Day
2026-01-17,redirected to emotional_development,Started,hi,458,users,Day
2026-01-17,redirected to emotional_development,Completed,All,583,instances,Day
2026-01-17,redirected to emotional_development,Started,All,715,instances,Day
2026-01-17,redirected to emotional_development,Completed,All,402,users,Day
2026-01-17,redirected to emotional_development,Started,All,458,users,Day
2026-01-17,redirected to emotional_development,Completed,All,402,visits,Day
2026-01-17,redirected to emotional_development,Started,All,460,visits,Day
2026-01-18,redirected to emotional_development,Completed,hi,62,instances,Day
2026-01-18,redirected to emotional_development,Started,hi,76,instances,Day
2026-01-18,redirected to emotional_development,Completed,hi,41,visits,Day
2026-01-18,redirected to emotional_development,Started,hi,46,visits,Day
2026-01-18,redirected to emotional_development,Completed,hi,41,users,Day
2026-01-18,redirected to emotional_development,Started,hi,46,users,Day
2026-01-18,redirected to emotional_development,Completed,All,62,instances,Day
2026-01-18,redirected to emotional_development,Started,All,76,instances,Day
2026-01-18,redirected to emotional_development,Completed,All,41,users,Day
2026-01-18,redirected to emotional_development,Started,All,46,users,Day
2026-01-18,redirected to emotional_development,Completed,All,41,visits,Day
2026-01-18,redirected to emotional_development,Started,All,46,visits,Day
2026-01-19,redirected to emotional_development,Completed,hi,15,instances,Day
2026-01-19,redirected to emotional_development,Started,hi,18,instances,Day
2026-01-19,redirected to emotional_development,Completed,hi,9,visits,Day
2026-01-19,redirected to emotional_development,Started,hi,10,visits,Day
2026-01-19,redirected to emotional_development,Completed,hi,9,users,Day
2026-01-19,redirected to emotional_development,Started,hi,10,users,Day
2026-01-19,redirected to emotional_development,Completed,All,15,instances,Day
2026-01-19,redirected to emotional_development,Started,All,18,instances,Day
2026-01-19,redirected to emotional_development,Completed,All,9,users,Day
2026-01-19,redirected to emotional_development,Started,All,10,users,Day
2026-01-19,redirected to emotional_development,Completed,All,9,visits,Day
2026-01-19,redirected to emotional_development,Started,All,10,visits,Day
2026-01-03,significance_of_early_years_1,Completed,hi,2361,instances,Day
2026-01-03,significance_of_early_years_1,Completed,mr,1,instances,Day
2026-01-03,significance_of_early_years_1,Started,hi,4899,instances,Day
2026-01-03,significance_of_early_years_1,Started,mr,11,instances,Day
2026-01-03,significance_of_early_years_1,Completed,hi,1512,visits,Day
2026-01-03,significance_of_early_years_1,Completed,mr,1,visits,Day
2026-01-03,significance_of_early_years_1,Started,hi,2120,visits,Day
2026-01-03,significance_of_early_years_1,Started,mr,2,visits,Day
2026-01-03,significance_of_early_years_1,Completed,hi,1430,users,Day
2026-01-03,significance_of_early_years_1,Completed,mr,1,users,Day
2026-01-03,significance_of_early_years_1,Started,hi,2010,users,Day
2026-01-03,significance_of_early_years_1,Started,mr,1,users,Day
2026-01-03,significance_of_early_years_1,Completed,All,2362,instances,Day
2026-01-03,significance_of_early_years_1,Started,All,4910,instances,Day
2026-01-03,significance_of_early_years_1,Completed,All,1431,users,Day
2026-01-03,significance_of_early_years_1,Started,All,2011,users,Day
2026-01-03,significance_of_early_years_1,Completed,All,1513,visits,Day
2026-01-03,significance_of_early_years_1,Started,All,2122,visits,Day
2026-01-04,significance_of_early_years_1,Completed,hi,497,instances,Day
2026-01-04,significance_of_early_years_1,Started,hi,959,instances,Day
2026-01-04,significance_of_early_years_1,Completed,hi,303,visits,Day
2026-01-04,significance_of_early_years_1,Started,hi,426,visits,Day
2026-01-04,significance_of_early_years_1,Completed,hi,293,users,Day
2026-01-04,significance_of_early_years_1,Started,hi,406,users,Day
2026-01-04,significance_of_early_years_1,Completed,All,497,instances,Day
2026-01-04,significance_of_early_years_1,Started,All,959,instances,Day
2026-01-04,significance_of_early_years_1,Completed,All,293,users,Day
2026-01-04,significance_of_early_years_1,Started,All,406,users,Day
2026-01-04,significance_of_early_years_1,Completed,All,303,visits,Day
2026-01-04,significance_of_early_years_1,Started,All,426,visits,Day
2026-01-05,significance_of_early_years_1,Completed,hi,160,instances,Day
2026-01-05,significance_of_early_years_1,Started,hi,318,instances,Day
2026-01-05,significance_of_early_years_1,Completed,hi,102,visits,Day
2026-01-05,significance_of_early_years_1,Started,hi,151,visits,Day
2026-01-05,significance_of_early_years_1,Completed,hi,100,users,Day
2026-01-05,significance_of_early_years_1,Started,hi,147,users,Day
2026-01-05,significance_of_early_years_1,Completed,All,160,instances,Day
2026-01-05,significance_of_early_years_1,Started,All,318,instances,Day
2026-01-05,significance_of_early_years_1,Completed,All,100,users,Day
2026-01-05,significance_of_early_years_1,Started,All,147,users,Day
2026-01-05,significance_of_early_years_1,Completed,All,102,visits,Day
2026-01-05,significance_of_early_years_1,Started,All,151,visits,Day
2026-01-06,significance_of_early_years_1,Completed,hi,60,instances,Day
2026-01-06,significance_of_early_years_1,Started,hi,97,instances,Day
2026-01-06,significance_of_early_years_1,Completed,hi,39,visits,Day
2026-01-06,significance_of_early_years_1,Started,hi,52,visits,Day
2026-01-06,significance_of_early_years_1,Completed,hi,35,users,Day
2026-01-06,significance_of_early_years_1,Started,hi,50,users,Day
2026-01-06,significance_of_early_years_1,Completed,All,60,instances,Day
2026-01-06,significance_of_early_years_1,Started,All,97,instances,Day
2026-01-06,significance_of_early_years_1,Completed,All,35,users,Day
2026-01-06,significance_of_early_years_1,Started,All,50,users,Day
2026-01-06,significance_of_early_years_1,Completed,All,39,visits,Day
2026-01-06,significance_of_early_years_1,Started,All,52,visits,Day
2026-01-07,significance_of_early_years_1,Completed,hi,61,instances,Day
2026-01-07,significance_of_early_years_1,Started,hi,100,instances,Day
2026-01-07,significance_of_early_years_1,Completed,hi,34,visits,Day
2026-01-07,significance_of_early_years_1,Started,hi,56,visits,Day
2026-01-07,significance_of_early_years_1,Completed,hi,32,users,Day
2026-01-07,significance_of_early_years_1,Started,hi,54,users,Day
2026-01-07,significance_of_early_years_1,Completed,All,61,instances,Day
2026-01-07,significance_of_early_years_1,Started,All,100,instances,Day
2026-01-07,significance_of_early_years_1,Completed,All,32,users,Day
2026-01-07,significance_of_early_years_1,Started,All,54,users,Day
2026-01-07,significance_of_early_years_1,Completed,All,34,visits,Day
2026-01-07,significance_of_early_years_1,Started,All,56,visits,Day
2026-01-08,significance_of_early_years_1,Completed,hi,14,instances,Day
2026-01-08,significance_of_early_years_1,Started,hi,33,instances,Day
2026-01-08,significance_of_early_years_1,Completed,hi,13,visits,Day
2026-01-08,significance_of_early_years_1,Started,hi,20,visits,Day
2026-01-08,significance_of_early_years_1,Completed,hi,13,users,Day
2026-01-08,significance_of_early_years_1,Started,hi,20,users,Day
2026-01-08,significance_of_early_years_1,Completed,All,14,instances,Day
2026-01-08,significance_of_early_years_1,Started,All,33,instances,Day
2026-01-08,significance_of_early_years_1,Completed,All,13,users,Day
2026-01-08,significance_of_early_years_1,Started,All,20,users,Day
2026-01-08,significance_of_early_years_1,Completed,All,13,visits,Day
2026-01-08,significance_of_early_years_1,Started,All,20,visits,Day
2026-01-09,significance_of_early_years_1,Completed,hi,6848,instances,Day
2026-01-09,significance_of_early_years_1,Started,hi,13547,instances,Day
2026-01-09,significance_of_early_years_1,Started,mr,16,instances,Day
2026-01-09,significance_of_early_years_1,Completed,hi,4529,visits,Day
2026-01-09,significance_of_early_years_1,Started,hi,6577,visits,Day
2026-01-09,significance_of_early_years_1,Started,mr,5,visits,Day
2026-01-09,significance_of_early_years_1,Completed,hi,4304,users,Day
2026-01-09,significance_of_early_years_1,Started,hi,6179,users,Day
2026-01-09,significance_of_early_years_1,Started,mr,1,users,Day
2026-01-09,significance_of_early_years_1,Completed,All,6848,instances,Day
2026-01-09,significance_of_early_years_1,Started,All,13563,instances,Day
2026-01-09,significance_of_early_years_1,Completed,All,4304,users,Day
2026-01-09,significance_of_early_years_1,Started,All,6180,users,Day
2026-01-09,significance_of_early_years_1,Completed,All,4529,visits,Day
2026-01-09,significance_of_early_years_1,Started,All,6582,visits,Day
2026-01-10,significance_of_early_years_1,Completed,hi,1382,instances,Day
2026-01-10,significance_of_early_years_1,Completed,mr,1,instances,Day
2026-01-10,significance_of_early_years_1,Started,hi,2642,instances,Day
2026-01-10,significance_of_early_years_1,Started,mr,5,instances,Day
2026-01-10,significance_of_early_years_1,Completed,hi,903,visits,Day
2026-01-10,significance_of_early_years_1,Completed,mr,1,visits,Day
2026-01-10,significance_of_early_years_1,Started,hi,1371,visits,Day
2026-01-10,significance_of_early_years_1,Started,mr,3,visits,Day
2026-01-10,significance_of_early_years_1,Completed,hi,873,users,Day
2026-01-10,significance_of_early_years_1,Completed,mr,1,users,Day
2026-01-10,significance_of_early_years_1,Started,hi,1313,users,Day
2026-01-10,significance_of_early_years_1,Started,mr,1,users,Day
2026-01-10,significance_of_early_years_1,Completed,All,1383,instances,Day
2026-01-10,significance_of_early_years_1,Started,All,2647,instances,Day
2026-01-10,significance_of_early_years_1,Completed,All,874,users,Day
2026-01-10,significance_of_early_years_1,Started,All,1314,users,Day
2026-01-10,significance_of_early_years_1,Completed,All,904,visits,Day
2026-01-10,significance_of_early_years_1,Started,All,1374,visits,Day
2026-01-11,significance_of_early_years_1,Completed,hi,248,instances,Day
2026-01-11,significance_of_early_years_1,Started,hi,402,instances,Day
2026-01-11,significance_of_early_years_1,Started,mr,2,instances,Day
2026-01-11,significance_of_early_years_1,Completed,hi,154,visits,Day
2026-01-11,significance_of_early_years_1,Started,hi,206,visits,Day
2026-01-11,significance_of_early_years_1,Started,mr,2,visits,Day
2026-01-11,significance_of_early_years_1,Completed,hi,154,users,Day
2026-01-11,significance_of_early_years_1,Started,hi,204,users,Day
2026-01-11,significance_of_early_years_1,Started,mr,1,users,Day
2026-01-11,significance_of_early_years_1,Completed,All,248,instances,Day
2026-01-11,significance_of_early_years_1,Started,All,404,instances,Day
2026-01-11,significance_of_early_years_1,Completed,All,154,users,Day
2026-01-11,significance_of_early_years_1,Started,All,205,users,Day
2026-01-11,significance_of_early_years_1,Completed,All,154,visits,Day
2026-01-11,significance_of_early_years_1,Started,All,208,visits,Day
2026-01-12,significance_of_early_years_1,Completed,hi,110,instances,Day
2026-01-12,significance_of_early_years_1,Started,hi,198,instances,Day
2026-01-12,significance_of_early_years_1,Completed,hi,67,visits,Day
2026-01-12,significance_of_early_years_1,Started,hi,101,visits,Day
2026-01-12,significance_of_early_years_1,Completed,hi,66,users,Day
2026-01-12,significance_of_early_years_1,Started,hi,97,users,Day
2026-01-12,significance_of_early_years_1,Completed,All,110,instances,Day
2026-01-12,significance_of_early_years_1,Started,All,198,instances,Day
2026-01-12,significance_of_early_years_1,Completed,All,66,users,Day
2026-01-12,significance_of_early_years_1,Started,All,97,users,Day
2026-01-12,significance_of_early_years_1,Completed,All,67,visits,Day
2026-01-12,significance_of_early_years_1,Started,All,101,visits,Day
2026-01-13,significance_of_early_years_1,Completed,hi,30,instances,Day
2026-01-13,significance_of_early_years_1,Started,hi,51,instances,Day
2026-01-13,significance_of_early_years_1,Completed,hi,20,visits,Day
2026-01-13,significance_of_early_years_1,Started,hi,33,visits,Day
2026-01-13,significance_of_early_years_1,Completed,hi,19,users,Day
2026-01-13,significance_of_early_years_1,Started,hi,33,users,Day
2026-01-13,significance_of_early_years_1,Completed,All,30,instances,Day
2026-01-13,significance_of_early_years_1,Started,All,51,instances,Day
2026-01-13,significance_of_early_years_1,Completed,All,19,users,Day
2026-01-13,significance_of_early_years_1,Started,All,33,users,Day
2026-01-13,significance_of_early_years_1,Completed,All,20,visits,Day
2026-01-13,significance_of_early_years_1,Started,All,33,visits,Day
2026-01-14,significance_of_early_years_1,Completed,hi,14,instances,Day
2026-01-14,significance_of_early_years_1,Started,hi,28,instances,Day
2026-01-14,significance_of_early_years_1,Completed,hi,9,visits,Day
2026-01-14,significance_of_early_years_1,Started,hi,14,visits,Day
2026-01-14,significance_of_early_years_1,Completed,hi,9,users,Day
2026-01-14,significance_of_early_years_1,Started,hi,14,users,Day
2026-01-14,significance_of_early_years_1,Completed,All,14,instances,Day
2026-01-14,significance_of_early_years_1,Started,All,28,instances,Day
2026-01-14,significance_of_early_years_1,Completed,All,9,users,Day
2026-01-14,significance_of_early_years_1,Started,All,14,users,Day
2026-01-14,significance_of_early_years_1,Completed,All,9,visits,Day
2026-01-14,significance_of_early_years_1,Started,All,14,visits,Day
2026-01-15,significance_of_early_years_1,Completed,hi,19,instances,Day
2026-01-15,significance_of_early_years_1,Started,hi,26,instances,Day
2026-01-15,significance_of_early_years_1,Completed,hi,11,visits,Day
2026-01-15,significance_of_early_years_1,Started,hi,16,visits,Day
2026-01-15,significance_of_early_years_1,Completed,hi,11,users,Day
2026-01-15,significance_of_early_years_1,Started,hi,16,users,Day
2026-01-15,significance_of_early_years_1,Completed,All,19,instances,Day
2026-01-15,significance_of_early_years_1,Started,All,26,instances,Day
2026-01-15,significance_of_early_years_1,Completed,All,11,users,Day
2026-01-15,significance_of_early_years_1,Started,All,16,users,Day
2026-01-15,significance_of_early_years_1,Completed,All,11,visits,Day
2026-01-15,significance_of_early_years_1,Started,All,16,visits,Day
2026-01-16,significance_of_early_years_1,Completed,hi,1381,instances,Day
2026-01-16,significance_of_early_years_1,Started,hi,1770,instances,Day
2026-01-16,significance_of_early_years_1,Completed,hi,824,visits,Day
2026-01-16,significance_of_early_years_1,Started,hi,974,visits,Day
2026-01-16,significance_of_early_years_1,Completed,hi,817,users,Day
2026-01-16,significance_of_early_years_1,Started,hi,953,users,Day
2026-01-16,significance_of_early_years_1,Completed,All,1381,instances,Day
2026-01-16,significance_of_early_years_1,Started,All,1770,instances,Day
2026-01-16,significance_of_early_years_1,Completed,All,817,users,Day
2026-01-16,significance_of_early_years_1,Started,All,953,users,Day
2026-01-16,significance_of_early_years_1,Completed,All,824,visits,Day
2026-01-16,significance_of_early_years_1,Started,All,974,visits,Day
2026-01-17,significance_of_early_years_1,Completed,hi,628,instances,Day
2026-01-17,significance_of_early_years_1,Started,hi,862,instances,Day
2026-01-17,significance_of_early_years_1,Completed,hi,386,visits,Day
2026-01-17,significance_of_early_years_1,Started,hi,458,visits,Day
2026-01-17,significance_of_early_years_1,Completed,hi,384,users,Day
2026-01-17,significance_of_early_years_1,Started,hi,453,users,Day
2026-01-17,significance_of_early_years_1,Completed,All,628,instances,Day
2026-01-17,significance_of_early_years_1,Started,All,862,instances,Day
2026-01-17,significance_of_early_years_1,Completed,All,384,users,Day
2026-01-17,significance_of_early_years_1,Started,All,453,users,Day
2026-01-17,significance_of_early_years_1,Completed,All,386,visits,Day
2026-01-17,significance_of_early_years_1,Started,All,458,visits,Day
2026-01-18,significance_of_early_years_1,Completed,hi,98,instances,Day
2026-01-18,significance_of_early_years_1,Started,hi,153,instances,Day
2026-01-18,significance_of_early_years_1,Completed,hi,64,visits,Day
2026-01-18,significance_of_early_years_1,Started,hi,83,visits,Day
2026-01-18,significance_of_early_years_1,Completed,hi,64,users,Day
2026-01-18,significance_of_early_years_1,Started,hi,82,users,Day
2026-01-18,significance_of_early_years_1,Completed,All,98,instances,Day
2026-01-18,significance_of_early_years_1,Started,All,153,instances,Day
2026-01-18,significance_of_early_years_1,Completed,All,64,users,Day
2026-01-18,significance_of_early_years_1,Started,All,82,users,Day
2026-01-18,significance_of_early_years_1,Completed,All,64,visits,Day
2026-01-18,significance_of_early_years_1,Started,All,83,visits,Day
2026-01-19,significance_of_early_years_1,Completed,hi,32,instances,Day
2026-01-19,significance_of_early_years_1,Started,hi,45,instances,Day
2026-01-19,significance_of_early_years_1,Completed,hi,17,visits,Day
2026-01-19,significance_of_early_years_1,Started,hi,22,visits,Day
2026-01-19,significance_of_early_years_1,Completed,hi,17,users,Day
2026-01-19,significance_of_early_years_1,Started,hi,22,users,Day
2026-01-19,significance_of_early_years_1,Completed,All,32,instances,Day
2026-01-19,significance_of_early_years_1,Started,All,45,instances,Day
2026-01-19,significance_of_early_years_1,Completed,All,17,users,Day
2026-01-19,significance_of_early_years_1,Started,All,22,users,Day
2026-01-19,significance_of_early_years_1,Completed,All,17,visits,Day
2026-01-19,significance_of_early_years_1,Started,All,22,visits,Day
2026-01-05,significance_of_early_years_2,Started,hi,2,instances,Day
2026-01-05,significance_of_early_years_2,Started,hi,2,visits,Day
2026-01-05,significance_of_early_years_2,Started,hi,2,users,Day
2026-01-05,significance_of_early_years_2,Started,All,2,instances,Day
2026-01-05,significance_of_early_years_2,Started,All,2,users,Day
2026-01-05,significance_of_early_years_2,Started,All,2,visits,Day
2026-01-09,significance_of_early_years_2,Completed,hi,166,instances,Day
2026-01-09,significance_of_early_years_2,Started,hi,178,instances,Day
2026-01-09,significance_of_early_years_2,Completed,hi,88,visits,Day
2026-01-09,significance_of_early_years_2,Started,hi,93,visits,Day
2026-01-09,significance_of_early_years_2,Completed,hi,88,users,Day
2026-01-09,significance_of_early_years_2,Started,hi,93,users,Day
2026-01-09,significance_of_early_years_2,Completed,All,166,instances,Day
2026-01-09,significance_of_early_years_2,Started,All,178,instances,Day
2026-01-09,significance_of_early_years_2,Completed,All,88,users,Day
2026-01-09,significance_of_early_years_2,Started,All,93,users,Day
2026-01-09,significance_of_early_years_2,Completed,All,88,visits,Day
2026-01-09,significance_of_early_years_2,Started,All,93,visits,Day
2026-01-10,significance_of_early_years_2,Completed,hi,1526,instances,Day
2026-01-10,significance_of_early_years_2,Started,hi,2905,instances,Day
2026-01-10,significance_of_early_years_2,Completed,hi,1094,visits,Day
2026-01-10,significance_of_early_years_2,Started,hi,1630,visits,Day
2026-01-10,significance_of_early_years_2,Completed,hi,1053,users,Day
2026-01-10,significance_of_early_years_2,Started,hi,1581,users,Day
2026-01-10,significance_of_early_years_2,Completed,All,1526,instances,Day
2026-01-10,significance_of_early_years_2,Started,All,2905,instances,Day
2026-01-10,significance_of_early_years_2,Completed,All,1053,users,Day
2026-01-10,significance_of_early_years_2,Started,All,1581,users,Day
2026-01-10,significance_of_early_years_2,Completed,All,1094,visits,Day
2026-01-10,significance_of_early_years_2,Started,All,1630,visits,Day
2026-01-11,significance_of_early_years_2,Completed,hi,539,instances,Day
2026-01-11,significance_of_early_years_2,Started,hi,942,instances,Day
2026-01-11,significance_of_early_years_2,Started,mr,6,instances,Day
2026-01-11,significance_of_early_years_2,Completed,hi,362,visits,Day
2026-01-11,significance_of_early_years_2,Started,hi,505,visits,Day
2026-01-11,significance_of_early_years_2,Started,mr,3,visits,Day
2026-01-11,significance_of_early_years_2,Completed,hi,353,users,Day
2026-01-11,significance_of_early_years_2,Started,hi,483,users,Day
2026-01-11,significance_of_early_years_2,Started,mr,1,users,Day
2026-01-11,significance_of_early_years_2,Completed,All,539,instances,Day
2026-01-11,significance_of_early_years_2,Started,All,948,instances,Day
2026-01-11,significance_of_early_years_2,Completed,All,353,users,Day
2026-01-11,significance_of_early_years_2,Started,All,484,users,Day
2026-01-11,significance_of_early_years_2,Completed,All,362,visits,Day
2026-01-11,significance_of_early_years_2,Started,All,508,visits,Day
2026-01-12,significance_of_early_years_2,Completed,hi,163,instances,Day
2026-01-12,significance_of_early_years_2,Started,hi,279,instances,Day
2026-01-12,significance_of_early_years_2,Started,mr,2,instances,Day
2026-01-12,significance_of_early_years_2,Completed,hi,115,visits,Day
2026-01-12,significance_of_early_years_2,Started,hi,166,visits,Day
2026-01-12,significance_of_early_years_2,Started,mr,2,visits,Day
2026-01-12,significance_of_early_years_2,Completed,hi,111,users,Day
2026-01-12,significance_of_early_years_2,Started,hi,158,users,Day
2026-01-12,significance_of_early_years_2,Started,mr,1,users,Day
2026-01-12,significance_of_early_years_2,Completed,All,163,instances,Day
2026-01-12,significance_of_early_years_2,Started,All,281,instances,Day
2026-01-12,significance_of_early_years_2,Completed,All,111,users,Day
2026-01-12,significance_of_early_years_2,Started,All,159,users,Day
2026-01-12,significance_of_early_years_2,Completed,All,115,visits,Day
2026-01-12,significance_of_early_years_2,Started,All,168,visits,Day
2026-01-13,significance_of_early_years_2,Completed,hi,49,instances,Day
2026-01-13,significance_of_early_years_2,Started,hi,74,instances,Day
2026-01-13,significance_of_early_years_2,Completed,hi,35,visits,Day
2026-01-13,significance_of_early_years_2,Started,hi,45,visits,Day
2026-01-13,significance_of_early_years_2,Completed,hi,34,users,Day
2026-01-13,significance_of_early_years_2,Started,hi,43,users,Day
2026-01-13,significance_of_early_years_2,Completed,All,49,instances,Day
2026-01-13,significance_of_early_years_2,Started,All,74,instances,Day
2026-01-13,significance_of_early_years_2,Completed,All,34,users,Day
2026-01-13,significance_of_early_years_2,Started,All,43,users,Day
2026-01-13,significance_of_early_years_2,Completed,All,35,visits,Day
2026-01-13,significance_of_early_years_2,Started,All,45,visits,Day
2026-01-14,significance_of_early_years_2,Completed,hi,19,instances,Day
2026-01-14,significance_of_early_years_2,Started,hi,27,instances,Day
2026-01-14,significance_of_early_years_2,Completed,hi,11,visits,Day
2026-01-14,significance_of_early_years_2,Started,hi,15,visits,Day
2026-01-14,significance_of_early_years_2,Completed,hi,11,users,Day
2026-01-14,significance_of_early_years_2,Started,hi,15,users,Day
2026-01-14,significance_of_early_years_2,Completed,All,19,instances,Day
2026-01-14,significance_of_early_years_2,Started,All,27,instances,Day
2026-01-14,significance_of_early_years_2,Completed,All,11,users,Day
2026-01-14,significance_of_early_years_2,Started,All,15,users,Day
2026-01-14,significance_of_early_years_2,Completed,All,11,visits,Day
2026-01-14,significance_of_early_years_2,Started,All,15,visits,Day
2026-01-15,significance_of_early_years_2,Completed,hi,12,instances,Day
2026-01-15,significance_of_early_years_2,Started,hi,16,instances,Day
2026-01-15,significance_of_early_years_2,Completed,hi,12,visits,Day
2026-01-15,significance_of_early_years_2,Started,hi,11,visits,Day
2026-01-15,significance_of_early_years_2,Completed,hi,12,users,Day
2026-01-15,significance_of_early_years_2,Started,hi,11,users,Day
2026-01-15,significance_of_early_years_2,Completed,All,12,instances,Day
2026-01-15,significance_of_early_years_2,Started,All,16,instances,Day
2026-01-15,significance_of_early_years_2,Completed,All,12,users,Day
2026-01-15,significance_of_early_years_2,Started,All,11,users,Day
2026-01-15,significance_of_early_years_2,Completed,All,12,visits,Day
2026-01-15,significance_of_early_years_2,Started,All,11,visits,Day
2026-01-16,significance_of_early_years_2,Completed,hi,374,instances,Day
2026-01-16,significance_of_early_years_2,Started,hi,482,instances,Day
2026-01-16,significance_of_early_years_2,Completed,hi,255,visits,Day
2026-01-16,significance_of_early_years_2,Started,hi,298,visits,Day
2026-01-16,significance_of_early_years_2,Completed,hi,252,users,Day
2026-01-16,significance_of_early_years_2,Started,hi,294,users,Day
2026-01-16,significance_of_early_years_2,Completed,All,374,instances,Day
2026-01-16,significance_of_early_years_2,Started,All,482,instances,Day
2026-01-16,significance_of_early_years_2,Completed,All,252,users,Day
2026-01-16,significance_of_early_years_2,Started,All,294,users,Day
2026-01-16,significance_of_early_years_2,Completed,All,255,visits,Day
2026-01-16,significance_of_early_years_2,Started,All,298,visits,Day
2026-01-17,significance_of_early_years_2,Completed,hi,355,instances,Day
2026-01-17,significance_of_early_years_2,Started,hi,432,instances,Day
2026-01-17,significance_of_early_years_2,Completed,hi,228,visits,Day
2026-01-17,significance_of_early_years_2,Started,hi,251,visits,Day
2026-01-17,significance_of_early_years_2,Completed,hi,226,users,Day
2026-01-17,significance_of_early_years_2,Started,hi,246,users,Day
2026-01-17,significance_of_early_years_2,Completed,All,355,instances,Day
2026-01-17,significance_of_early_years_2,Started,All,432,instances,Day
2026-01-17,significance_of_early_years_2,Completed,All,226,users,Day
2026-01-17,significance_of_early_years_2,Started,All,246,users,Day
2026-01-17,significance_of_early_years_2,Completed,All,228,visits,Day
2026-01-17,significance_of_early_years_2,Started,All,251,visits,Day
2026-01-18,significance_of_early_years_2,Completed,hi,84,instances,Day
2026-01-18,significance_of_early_years_2,Started,hi,99,instances,Day
2026-01-18,significance_of_early_years_2,Completed,hi,49,visits,Day
2026-01-18,significance_of_early_years_2,Started,hi,55,visits,Day
2026-01-18,significance_of_early_years_2,Completed,hi,47,users,Day
2026-01-18,significance_of_early_years_2,Started,hi,53,users,Day
2026-01-18,significance_of_early_years_2,Completed,All,84,instances,Day
2026-01-18,significance_of_early_years_2,Started,All,99,instances,Day
2026-01-18,significance_of_early_years_2,Completed,All,47,users,Day
2026-01-18,significance_of_early_years_2,Started,All,53,users,Day
2026-01-18,significance_of_early_years_2,Completed,All,49,visits,Day
2026-01-18,significance_of_early_years_2,Started,All,55,visits,Day
2026-01-19,significance_of_early_years_2,Completed,hi,18,instances,Day
2026-01-19,significance_of_early_years_2,Started,hi,28,instances,Day
2026-01-19,significance_of_early_years_2,Completed,hi,14,visits,Day
2026-01-19,significance_of_early_years_2,Started,hi,16,visits,Day
2026-01-19,significance_of_early_years_2,Completed,hi,14,users,Day
2026-01-19,significance_of_early_years_2,Started,hi,16,users,Day
2026-01-19,significance_of_early_years_2,Completed,All,18,instances,Day
2026-01-19,significance_of_early_years_2,Started,All,28,instances,Day
2026-01-19,significance_of_early_years_2,Completed,All,14,users,Day
2026-01-19,significance_of_early_years_2,Started,All,16,users,Day
2026-01-19,significance_of_early_years_2,Completed,All,14,visits,Day
2026-01-19,significance_of_early_years_2,Started,All,16,visits,Day
2026_01,All Games,Completed,hi,26532,instances,Month
2026_01,All Games,Completed,mr,2,instances,Month
2026_01,All Games,Started,hi,43426,instances,Month
2026_01,All Games,Started,mr,43,instances,Month
2026_01,All Games,Completed,hi,14825,visits,Month
2026_01,All Games,Completed,mr,2,visits,Month
2026_01,All Games,Started,hi,19828,visits,Month
2026_01,All Games,Started,mr,17,visits,Month
2026_01,All Games,Completed,hi,10498,users,Month
2026_01,All Games,Completed,mr,1,users,Month
2026_01,All Games,Started,hi,13969,users,Month
2026_01,All Games,Started,mr,1,users,Month
2026_01,All Games,Completed,All,26534,instances,Month
2026_01,All Games,Started,All,43469,instances,Month
2026_01,All Games,Completed,All,10499,users,Month
2026_01,All Games,Started,All,13970,users,Month
2026_01,All Games,Completed,All,14827,visits,Month
2026_01,All Games,Started,All,19845,visits,Month
2026_01,All Games,RM Active Users,,9492,rm_active_users,Month
2026_01,language_development_1,Completed,hi,1954,instances,Month
2026_01,language_development_1,Started,hi,2462,instances,Month
2026_01,language_development_1,Completed,hi,1166,visits,Month
2026_01,language_development_1,Started,hi,1360,visits,Month
2026_01,language_development_1,Completed,hi,1006,users,Month
2026_01,language_development_1,Started,hi,1165,users,Month
2026_01,language_development_1,Completed,All,1954,instances,Month
2026_01,language_development_1,Started,All,2462,instances,Month
2026_01,language_development_1,Completed,All,1006,users,Month
2026_01,language_development_1,Started,All,1165,users,Month
2026_01,language_development_1,Completed,All,1166,visits,Month
2026_01,language_development_1,Started,All,1360,visits,Month
2026_01,redirected to emotional_development,Completed,hi,7330,instances,Month
2026_01,redirected to emotional_development,Started,hi,9370,instances,Month
2026_01,redirected to emotional_development,Started,mr,1,instances,Month
2026_01,redirected to emotional_development,Completed,hi,4620,visits,Month
2026_01,redirected to emotional_development,Started,hi,5358,visits,Month
2026_01,redirected to emotional_development,Started,mr,1,visits,Month
2026_01,redirected to emotional_development,Completed,hi,3674,users,Month
2026_01,redirected to emotional_development,Started,hi,4179,users,Month
2026_01,redirected to emotional_development,Started,mr,1,users,Month
2026_01,redirected to emotional_development,Completed,All,7330,instances,Month
2026_01,redirected to emotional_development,Started,All,9371,instances,Month
2026_01,redirected to emotional_development,Completed,All,3674,users,Month
2026_01,redirected to emotional_development,Started,All,4180,users,Month
2026_01,redirected to emotional_development,Completed,All,4620,visits,Month
2026_01,redirected to emotional_development,Started,All,5359,visits,Month
2026_01,significance_of_early_years_1,Completed,hi,13943,instances,Month
2026_01,significance_of_early_years_1,Completed,mr,2,instances,Month
2026_01,significance_of_early_years_1,Started,hi,26130,instances,Month
2026_01,significance_of_early_years_1,Started,mr,34,instances,Month
2026_01,significance_of_early_years_1,Completed,hi,8987,visits,Month
2026_01,significance_of_early_years_1,Completed,mr,2,visits,Month
2026_01,significance_of_early_years_1,Started,hi,12680,visits,Month
2026_01,significance_of_early_years_1,Started,mr,12,visits,Month
2026_01,significance_of_early_years_1,Completed,hi,7466,users,Month
2026_01,significance_of_early_years_1,Completed,mr,1,users,Month
2026_01,significance_of_early_years_1,Started,hi,10519,users,Month
2026_01,significance_of_early_years_1,Started,mr,1,users,Month
2026_01,significance_of_early_years_1,Completed,All,13945,instances,Month
2026_01,significance_of_early_years_1,Started,All,26164,instances,Month
2026_01,significance_of_early_years_1,Completed,All,7467,users,Month
2026_01,significance_of_early_years_1,Started,All,10520,users,Month
2026_01,significance_of_early_years_1,Completed,All,8989,visits,Month
2026_01,significance_of_early_years_1,Started,All,12692,visits,Month
2026_01,significance_of_early_years_2,Completed,hi,3305,instances,Month
2026_01,significance_of_early_years_2,Started,hi,5464,instances,Month
2026_01,significance_of_early_years_2,Started,mr,8,instances,Month
2026_01,significance_of_early_years_2,Completed,hi,2263,visits,Month
2026_01,significance_of_early_years_2,Started,hi,3087,visits,Month
2026_01,significance_of_early_years_2,Started,mr,5,visits,Month
2026_01,significance_of_early_years_2,Completed,hi,2007,users,Month
2026_01,significance_of_early_years_2,Started,hi,2758,users,Month
2026_01,significance_of_early_years_2,Started,mr,1,users,Month
2026_01,significance_of_early_years_2,Completed,All,3305,instances,Month
2026_01,significance_of_early_years_2,Started,All,5472,instances,Month
2026_01,significance_of_early_years_2,Completed,All,2007,users,Month
2026_01,significance_of_early_years_2,Started,All,2759,users,Month
2026_01,significance_of_early_years_2,Completed,All,2263,visits,Month
2026_01,significance_of_early_years_2,Started,All,3092,visits,Month
2026_00,All Games,Completed,hi,5454,instances,Week
2026_00,All Games,Completed,mr,1,instances,Week
2026_00,All Games,Started,hi,9469,instances,Week
2026_00,All Games,Started,mr,12,instances,Week
2026_00,All Games,Completed,hi,2853,visits,Week
2026_00,All Games,Completed,mr,1,visits,Week
2026_00,All Games,Started,hi,3812,visits,Week
2026_00,All Games,Started,mr,3,visits,Week
2026_00,All Games,Completed,hi,2401,users,Week
2026_00,All Games,Completed,mr,1,users,Week
2026_00,All Games,Started,hi,3218,users,Week
2026_00,All Games,Started,mr,1,users,Week
2026_00,All Games,Completed,All,5455,instances,Week
2026_00,All Games,Started,All,9481,instances,Week
2026_00,All Games,Completed,All,2402,users,Week
2026_00,All Games,Started,All,3219,users,Week
2026_00,All Games,Completed,All,2854,visits,Week
2026_00,All Games,Started,All,3815,visits,Week
2026_00,All Games,RM Active Users,,6683,rm_active_users,Week
2026_01,All Games,Completed,hi,14855,instances,Week
2026_01,All Games,Completed,mr,1,instances,Week
2026_01,All Games,Started,hi,25985,instances,Week
2026_01,All Games,Started,mr,31,instances,Week
2026_01,All Games,Completed,hi,8356,visits,Week
2026_01,All Games,Completed,mr,1,visits,Week
2026_01,All Games,Started,hi,11883,visits,Week
2026_01,All Games,Started,mr,14,visits,Week
2026_01,All Games,Completed,hi,7142,users,Week
2026_01,All Games,Completed,mr,1,users,Week
2026_01,All Games,Started,hi,10116,users,Week
2026_01,All Games,Started,mr,1,users,Week
2026_01,All Games,Completed,All,14856,instances,Week
2026_01,All Games,Started,All,26016,instances,Week
2026_01,All Games,Completed,All,7143,users,Week
2026_01,All Games,Started,All,10117,users,Week
2026_01,All Games,Completed,All,8357,visits,Week
2026_01,All Games,Started,All,11897,visits,Week
2026_01,All Games,RM Active Users,,8329,rm_active_users,Week
2026_02,All Games,Completed,hi,6223,instances,Week
2026_02,All Games,Started,hi,7972,instances,Week
2026_02,All Games,Completed,hi,3616,visits,Week
2026_02,All Games,Started,hi,4133,visits,Week
2026_02,All Games,Completed,hi,3339,users,Week
2026_02,All Games,Started,hi,3736,users,Week
2026_02,All Games,Completed,All,6223,instances,Week
2026_02,All Games,Started,All,7972,instances,Week
2026_02,All Games,Completed,All,3339,users,Week
2026_02,All Games,Started,All,3736,users,Week
2026_02,All Games,Completed,All,3616,visits,Week
2026_02,All Games,Started,All,4133,visits,Week
2026_02,All Games,RM Active Users,,6171,rm_active_users,Week
2026_00,language_development_1,Completed,hi,367,instances,Week
2026_00,language_development_1,Started,hi,444,instances,Week
2026_00,language_development_1,Completed,hi,218,visits,Week
2026_00,language_development_1,Started,hi,241,visits,Week
2026_00,language_development_1,Completed,hi,201,users,Week
2026_00,language_development_1,Started,hi,223,users,Week
2026_00,language_development_1,Completed,All,367,instances,Week
2026_00,language_development_1,Started,All,444,instances,Week
2026_00,language_development_1,Completed,All,201,users,Week
2026_00,language_development_1,Started,All,223,users,Week
2026_00,language_development_1,Completed,All,218,visits,Week
2026_00,language_development_1,Started,All,241,visits,Week
2026_01,language_development_1,Completed,hi,1044,instances,Week
2026_01,language_development_1,Started,hi,1305,instances,Week
2026_01,language_development_1,Completed,hi,622,visits,Week
2026_01,language_development_1,Started,hi,717,visits,Week
2026_01,language_development_1,Completed,hi,579,users,Week
2026_01,language_development_1,Started,hi,665,users,Week
2026_01,language_development_1,Completed,All,1044,instances,Week
2026_01,language_development_1,Started,All,1305,instances,Week
2026_01,language_development_1,Completed,All,579,users,Week
2026_01,language_development_1,Started,All,665,users,Week
2026_01,language_development_1,Completed,All,622,visits,Week
2026_01,language_development_1,Started,All,717,visits,Week
2026_02,language_development_1,Completed,hi,543,instances,Week
2026_02,language_development_1,Started,hi,713,instances,Week
2026_02,language_development_1,Completed,hi,326,visits,Week
2026_02,language_development_1,Started,hi,402,visits,Week
2026_02,language_development_1,Completed,hi,313,users,Week
2026_02,language_development_1,Started,hi,382,users,Week
2026_02,language_development_1,Completed,All,543,instances,Week
2026_02,language_development_1,Started,All,713,instances,Week
2026_02,language_development_1,Completed,All,313,users,Week
2026_02,language_development_1,Started,All,382,users,Week
2026_02,language_development_1,Completed,All,326,visits,Week
2026_02,language_development_1,Started,All,402,visits,Week
2026_00,redirected to emotional_development,Completed,hi,2009,instances,Week
2026_00,redirected to emotional_development,Started,hi,2750,instances,Week
2026_00,redirected to emotional_development,Started,mr,1,instances,Week
2026_00,redirected to emotional_development,Completed,hi,1248,visits,Week
2026_00,redirected to emotional_development,Started,hi,1504,visits,Week
2026_00,redirected to emotional_development,Started,mr,1,visits,Week
2026_00,redirected to emotional_development,Completed,hi,1096,users,Week
2026_00,redirected to emotional_development,Started,hi,1307,users,Week
2026_00,redirected to emotional_development,Started,mr,1,users,Week
2026_00,redirected to emotional_development,Completed,All,2009,instances,Week
2026_00,redirected to emotional_development,Started,All,2751,instances,Week
2026_00,redirected to emotional_development,Completed,All,1096,users,Week
2026_00,redirected to emotional_development,Started,All,1308,users,Week
2026_00,redirected to emotional_development,Completed,All,1248,visits,Week
2026_00,redirected to emotional_development,Started,All,1505,visits,Week
2026_01,redirected to emotional_development,Completed,hi,2675,instances,Week
2026_01,redirected to emotional_development,Started,hi,3329,instances,Week
2026_01,redirected to emotional_development,Completed,hi,1697,visits,Week
2026_01,redirected to emotional_development,Started,hi,1946,visits,Week
2026_01,redirected to emotional_development,Completed,hi,1463,users,Week
2026_01,redirected to emotional_development,Started,hi,1653,users,Week
2026_01,redirected to emotional_development,Completed,All,2675,instances,Week
2026_01,redirected to emotional_development,Started,All,3329,instances,Week
2026_01,redirected to emotional_development,Completed,All,1463,users,Week
2026_01,redirected to emotional_development,Started,All,1653,users,Week
2026_01,redirected to emotional_development,Completed,All,1697,visits,Week
2026_01,redirected to emotional_development,Started,All,1946,visits,Week
2026_02,redirected to emotional_development,Completed,hi,2646,instances,Week
2026_02,redirected to emotional_development,Started,hi,3291,instances,Week
2026_02,redirected to emotional_development,Completed,hi,1675,visits,Week
2026_02,redirected to emotional_development,Started,hi,1908,visits,Week
2026_02,redirected to emotional_development,Completed,hi,1651,users,Week
2026_02,redirected to emotional_development,Started,hi,1862,users,Week
2026_02,redirected to emotional_development,Completed,All,2646,instances,Week
2026_02,redirected to emotional_development,Started,All,3291,instances,Week
2026_02,redirected to emotional_development,Completed,All,1651,users,Week
2026_02,redirected to emotional_development,Started,All,1862,users,Week
2026_02,redirected to emotional_development,Completed,All,1675,visits,Week
2026_02,redirected to emotional_development,Started,All,1908,visits,Week
2026_00,significance_of_early_years_1,Completed,hi,3078,instances,Week
2026_00,significance_of_early_years_1,Completed,mr,1,instances,Week
2026_00,significance_of_early_years_1,Started,hi,6273,instances,Week
2026_00,significance_of_early_years_1,Started,mr,11,instances,Week
2026_00,significance_of_early_years_1,Completed,hi,1956,visits,Week
2026_00,significance_of_early_years_1,Completed,mr,1,visits,Week
2026_00,significance_of_early_years_1,Started,hi,2749,visits,Week
2026_00,significance_of_early_years_1,Started,mr,2,visits,Week
2026_00,significance_of_early_years_1,Completed,hi,1784,users,Week
2026_00,significance_of_early_years_1,Completed,mr,1,users,Week
2026_00,significance_of_early_years_1,Started,hi,2517,users,Week
2026_00,significance_of_early_years_1,Started,mr,1,users,Week
2026_00,significance_of_early_years_1,Completed,All,3079,instances,Week
2026_00,significance_of_early_years_1,Started,All,6284,instances,Week
2026_00,significance_of_early_years_1,Completed,All,1785,users,Week
2026_00,significance_of_early_years_1,Started,All,2518,users,Week
2026_00,significance_of_early_years_1,Completed,All,1957,visits,Week
2026_00,significance_of_early_years_1,Started,All,2751,visits,Week
2026_01,significance_of_early_years_1,Completed,hi,8693,instances,Week
2026_01,significance_of_early_years_1,Completed,mr,1,instances,Week
2026_01,significance_of_early_years_1,Started,hi,16973,instances,Week
2026_01,significance_of_early_years_1,Started,mr,23,instances,Week
2026_01,significance_of_early_years_1,Completed,hi,5720,visits,Week
2026_01,significance_of_early_years_1,Completed,mr,1,visits,Week
2026_01,significance_of_early_years_1,Started,hi,8364,visits,Week
2026_01,significance_of_early_years_1,Started,mr,10,visits,Week
2026_01,significance_of_early_years_1,Completed,hi,5210,users,Week
2026_01,significance_of_early_years_1,Completed,mr,1,users,Week
2026_01,significance_of_early_years_1,Started,hi,7561,users,Week
2026_01,significance_of_early_years_1,Started,mr,1,users,Week
2026_01,significance_of_early_years_1,Completed,All,8694,instances,Week
2026_01,significance_of_early_years_1,Started,All,16996,instances,Week
2026_01,significance_of_early_years_1,Completed,All,5211,users,Week
2026_01,significance_of_early_years_1,Started,All,7562,users,Week
2026_01,significance_of_early_years_1,Completed,All,5721,visits,Week
2026_01,significance_of_early_years_1,Started,All,8374,visits,Week
2026_02,significance_of_early_years_1,Completed,hi,2172,instances,Week
2026_02,significance_of_early_years_1,Started,hi,2884,instances,Week
2026_02,significance_of_early_years_1,Completed,hi,1311,visits,Week
2026_02,significance_of_early_years_1,Started,hi,1567,visits,Week
2026_02,significance_of_early_years_1,Completed,hi,1286,users,Week
2026_02,significance_of_early_years_1,Started,hi,1514,users,Week
2026_02,significance_of_early_years_1,Completed,All,2172,instances,Week
2026_02,significance_of_early_years_1,Started,All,2884,instances,Week
2026_02,significance_of_early_years_1,Completed,All,1286,users,Week
2026_02,significance_of_early_years_1,Started,All,1514,users,Week
2026_02,significance_of_early_years_1,Completed,All,1311,visits,Week
2026_02,significance_of_early_years_1,Started,All,1567,visits,Week
2026_00,significance_of_early_years_2,Started,hi,2,instances,Week
2026_00,significance_of_early_years_2,Started,hi,2,visits,Week
2026_00,significance_of_early_years_2,Started,hi,2,users,Week
2026_00,significance_of_early_years_2,Started,All,2,instances,Week
2026_00,significance_of_early_years_2,Started,All,2,users,Week
2026_00,significance_of_early_years_2,Started,All,2,visits,Week
2026_01,significance_of_early_years_2,Completed,hi,2443,instances,Week
2026_01,significance_of_early_years_2,Started,hi,4378,instances,Week
2026_01,significance_of_early_years_2,Started,mr,8,instances,Week
2026_01,significance_of_early_years_2,Completed,hi,1694,visits,Week
2026_01,significance_of_early_years_2,Started,hi,2439,visits,Week
2026_01,significance_of_early_years_2,Started,mr,5,visits,Week
2026_01,significance_of_early_years_2,Completed,hi,1575,users,Week
2026_01,significance_of_early_years_2,Started,hi,2269,users,Week
2026_01,significance_of_early_years_2,Started,mr,1,users,Week
2026_01,significance_of_early_years_2,Completed,All,2443,instances,Week
2026_01,significance_of_early_years_2,Started,All,4386,instances,Week
2026_01,significance_of_early_years_2,Completed,All,1575,users,Week
2026_01,significance_of_early_years_2,Started,All,2270,users,Week
2026_01,significance_of_early_years_2,Completed,All,1694,visits,Week
2026_01,significance_of_early_years_2,Started,All,2444,visits,Week
2026_02,significance_of_early_years_2,Completed,hi,862,instances,Week
2026_02,significance_of_early_years_2,Started,hi,1084,instances,Week
2026_02,significance_of_early_years_2,Completed,hi,569,visits,Week
2026_02,significance_of_early_years_2,Started,hi,646,visits,Week
2026_02,significance_of_early_years_2,Completed,hi,536,users,Week
2026_02,significance_of_early_years_2,Started,hi,609,users,Week
2026_02,significance_of_early_years_2,Completed,All,862,instances,Week
2026_02,significance_of_early_years_2,Started,All,1084,instances,Week
2026_02,significance_of_early_years_2,Completed,All,536,users,Week
2026_02,significance_of_early_years_2,Started,All,609,users,Week
2026_02,significance_of_early_years_2,Completed,All,569,visits,Week
2026_02,significance_of_early_years_2,Started,All,646,visits,Week
