period_label,game_name,instance_count,period_type
2025-07-02,Shape Circle,753,Day
2025-07-03,Shape Circle,194,Day
2025-07-04,Shape Circle,891,Day
2025-07-05,Shape Circle,3409,Day
2025-07-06,Shape Circle,1103,Day
2025-07-07,Shape Circle,3999,Day
2025-07-08,Shape Circle,1676,Day
2025-07-09,Shape Circle,3248,Day
2025-07-10,Shape Circle,1167,Day
2025-07-11,Shape Circle,4289,Day
2025-07-12,Shape Circle,3907,Day
2025-07-13,Shape Circle,1306,Day
2025-07-14,Shape Circle,3448,Day
2025-07-15,Shape Circle,1403,Day
2025-07-16,Shape Circle,2859,Day
2025-07-17,Shape Circle,1156,Day
2025-07-18,Shape Circle,3584,Day
2025-07-19,Shape Circle,1424,Day
2025-07-20,Shape Circle,583,Day
2025-07-21,Shape Circle,2899,Day
2025-07-22,Shape Circle,605,Day
2025-07-30,Shape Circle,2975,Day
2025-07-31,Shape Circle,2175,Day
2025-08-01,Shape Circle,4099,Day
2025-08-02,Shape Circle,1816,Day
2025-08-03,Shape Circle,373,Day
2025-08-04,Shape Circle,362,Day
2025-08-05,Shape Circle,223,Day
2025-08-06,Shape Circle,2069,Day
2025-08-07,Shape Circle,1348,Day
2025-08-08,Shape Circle,3263,Day
2025-08-09,Shape Circle,2504,Day
2025-08-10,Shape Circle,1126,Day
2025-08-11,Shape Circle,561,Day
2025-08-12,Shape Circle,1568,Day
2025-08-13,Shape Circle,2206,Day
2025-08-14,Shape Circle,1324,Day
2025-08-15,Shape Circle,2283,Day
2025-08-16,Shape Circle,2361,Day
2025-08-17,Shape Circle,1160,Day
2025-08-18,Shape Circle,1461,Day
2025-08-19,Shape Circle,1563,Day
2025-08-20,Shape Circle,2122,Day
2025-08-21,Shape Circle,1231,Day
2025-08-22,Shape Circle,2584,Day
2025-08-23,Shape Circle,2940,Day
2025-08-24,Shape Circle,1323,Day
2025-08-25,Shape Circle,842,Day
2025-08-26,Shape Circle,574,Day
2025-08-27,Shape Circle,1408,Day
2025-08-28,Shape Circle,880,Day
2025-08-29,Shape Circle,963,Day
2025-08-30,Shape Circle,1018,Day
2025-08-31,Shape Circle,502,Day
2025-09-01,Shape Circle,1398,Day
2025-09-02,Shape Circle,754,Day
2025-09-03,Shape Circle,1443,Day
2025-09-04,Shape Circle,976,Day
2025-09-05,Shape Circle,2397,Day
2025-09-06,Shape Circle,1101,Day
2025-09-07,Shape Circle,291,Day
2025-09-08,Shape Circle,1174,Day
2025-09-09,Shape Circle,1686,Day
2025-09-10,Shape Circle,1887,Day
2025-09-11,Shape Circle,2212,Day
2025-09-12,Shape Circle,3109,Day
2025-09-13,Shape Circle,2657,Day
2025-09-14,Shape Circle,2266,Day
2025-09-15,Shape Circle,3302,Day
2025-09-16,Shape Circle,3538,Day
2025-09-17,Shape Circle,2767,Day
2025-09-18,Shape Circle,1706,Day
2025-09-19,Shape Circle,3076,Day
2025-09-20,Shape Circle,2635,Day
2025-09-21,Shape Circle,1543,Day
2025-09-22,Shape Circle,3022,Day
2025-09-23,Shape Circle,1791,Day
2025-09-24,Shape Circle,1824,Day
2025-09-25,Shape Circle,1211,Day
2025-09-26,Shape Circle,2411,Day
2025-09-27,Shape Circle,1909,Day
2025-09-28,Shape Circle,793,Day
2025-09-29,Shape Circle,1341,Day
2025-09-30,Shape Circle,1530,Day
2025-10-01,Shape Circle,398,Day
2025-10-02,Shape Circle,171,Day
2025-10-03,Shape Circle,333,Day
2025-10-04,Shape Circle,354,Day
2025-10-05,Shape Circle,205,Day
2025-10-06,Shape Circle,278,Day
2025-10-07,Shape Circle,324,Day
2025-10-08,Shape Circle,340,Day
2025-10-09,Shape Circle,269,Day
2025-10-10,Shape Circle,372,Day
2025-10-11,Shape Circle,344,Day
2025-10-12,Shape Circle,198,Day
2025-10-13,Shape Circle,343,Day
2025-10-14,Shape Circle,306,Day
2025-10-15,Shape Circle,1170,Day
2025-10-16,Shape Circle,858,Day
2025-10-17,Shape Circle,1662,Day
2025-10-18,Shape Circle,1353,Day
2025-10-19,Shape Circle,706,Day
2025-10-20,Shape Circle,1098,Day
2025-10-21,Shape Circle,1006,Day
2025-10-22,Shape Circle,1186,Day
2025-10-23,Shape Circle,702,Day
2025-10-24,Shape Circle,1460,Day
2025-10-25,Shape Circle,1242,Day
2025-10-26,Shape Circle,578,Day
2025-10-27,Shape Circle,1132,Day
2025-10-28,Shape Circle,901,Day
2025-10-29,Shape Circle,1040,Day
2025-10-30,Shape Circle,740,Day
2025-10-31,Shape Circle,1603,Day
2025-11-01,Shape Circle,1270,Day
2025-11-02,Shape Circle,616,Day
2025-11-03,Shape Circle,56,Day
2025_07,Shape Circle,49053,Month
2025_08,Shape Circle,48057,Month
2025_09,Shape Circle,57750,Month
2025_10,Shape Circle,22672,Month
2025_11,Shape Circle,1942,Month
2025_27,Shape Circle,12025,Week
2025_28,Shape Circle,18768,Week
2025_29,Shape Circle,13110,Week
2025_31,Shape Circle,12023,Week
2025_32,Shape Circle,12439,Week
2025_33,Shape Circle,12358,Week
2025_34,Shape Circle,11616,Week
2025_35,Shape Circle,6923,Week
2025_36,Shape Circle,9068,Week
2025_37,Shape Circle,18971,Week
2025_38,Shape Circle,16540,Week
2025_39,Shape Circle,11019,Week
2025_40,Shape Circle,2063,Week
2025_41,Shape Circle,2172,Week
2025_42,Shape Circle,7853,Week
2025_43,Shape Circle,7201,Week
2025_44,Shape Circle,5325,Week
2025-07-02,Shape Triangle,2,Day
2025-07-03,Shape Triangle,1,Day
2025-07-05,Shape Triangle,1360,Day
2025-07-06,Shape Triangle,559,Day
2025-07-07,Shape Triangle,2160,Day
2025-07-08,Shape Triangle,907,Day
2025-07-09,Shape Triangle,5015,Day
2025-07-10,Shape Triangle,1266,Day
2025-07-11,Shape Triangle,4779,Day
2025-07-12,Shape Triangle,2115,Day
2025-07-13,Shape Triangle,596,Day
2025-07-14,Shape Triangle,1208,Day
2025-07-15,Shape Triangle,510,Day
2025-07-16,Shape Triangle,743,Day
2025-07-17,Shape Triangle,328,Day
2025-07-18,Shape Triangle,899,Day
2025-07-19,Shape Triangle,408,Day
2025-07-20,Shape Triangle,228,Day
2025-07-21,Shape Triangle,838,Day
2025-07-22,Shape Triangle,209,Day
2025-07-30,Shape Triangle,912,Day
2025-07-31,Shape Triangle,724,Day
2025-08-01,Shape Triangle,1014,Day
2025-08-02,Shape Triangle,514,Day
2025-08-03,Shape Triangle,140,Day
2025-08-04,Shape Triangle,113,Day
2025-08-05,Shape Triangle,91,Day
2025-08-06,Shape Triangle,596,Day
2025-08-07,Shape Triangle,445,Day
2025-08-08,Shape Triangle,721,Day
2025-08-09,Shape Triangle,578,Day
2025-08-10,Shape Triangle,337,Day
2025-08-11,Shape Triangle,170,Day
2025-08-12,Shape Triangle,408,Day
2025-08-13,Shape Triangle,595,Day
2025-08-14,Shape Triangle,342,Day
2025-08-15,Shape Triangle,538,Day
2025-08-16,Shape Triangle,724,Day
2025-08-17,Shape Triangle,446,Day
2025-08-18,Shape Triangle,521,Day
2025-08-19,Shape Triangle,538,Day
2025-08-20,Shape Triangle,717,Day
2025-08-21,Shape Triangle,395,Day
2025-08-22,Shape Triangle,553,Day
2025-08-23,Shape Triangle,756,Day
2025-08-24,Shape Triangle,427,Day
2025-08-25,Shape Triangle,260,Day
2025-08-26,Shape Triangle,169,Day
2025-08-27,Shape Triangle,362,Day
2025-08-28,Shape Triangle,218,Day
2025-08-29,Shape Triangle,269,Day
2025-08-30,Shape Triangle,214,Day
2025-08-31,Shape Triangle,164,Day
2025-09-01,Shape Triangle,360,Day
2025-09-02,Shape Triangle,232,Day
2025-09-03,Shape Triangle,133,Day
2025-09-04,Shape Triangle,116,Day
2025-09-05,Shape Triangle,235,Day
2025-09-06,Shape Triangle,151,Day
2025-09-07,Shape Triangle,49,Day
2025-09-08,Shape Triangle,115,Day
2025-09-09,Shape Triangle,187,Day
2025-09-10,Shape Triangle,254,Day
2025-09-11,Shape Triangle,250,Day
2025-09-12,Shape Triangle,311,Day
2025-09-13,Shape Triangle,305,Day
2025-09-14,Shape Triangle,304,Day
2025-09-15,Shape Triangle,350,Day
2025-09-16,Shape Triangle,401,Day
2025-09-17,Shape Triangle,394,Day
2025-09-18,Shape Triangle,291,Day
2025-09-19,Shape Triangle,399,Day
2025-09-20,Shape Triangle,398,Day
2025-09-21,Shape Triangle,249,Day
2025-09-22,Shape Triangle,266,Day
2025-09-23,Shape Triangle,256,Day
2025-09-24,Shape Triangle,236,Day
2025-09-25,Shape Triangle,217,Day
2025-09-26,Shape Triangle,247,Day
2025-09-27,Shape Triangle,228,Day
2025-09-28,Shape Triangle,148,Day
2025-09-29,Shape Triangle,164,Day
2025-09-30,Shape Triangle,189,Day
2025-10-01,Shape Triangle,99,Day
2025-10-02,Shape Triangle,39,Day
2025-10-03,Shape Triangle,54,Day
2025-10-04,Shape Triangle,42,Day
2025-10-05,Shape Triangle,59,Day
2025-10-06,Shape Triangle,53,Day
2025-10-07,Shape Triangle,61,Day
2025-10-08,Shape Triangle,70,Day
2025-10-09,Shape Triangle,56,Day
2025-10-10,Shape Triangle,68,Day
2025-10-11,Shape Triangle,44,Day
2025-10-12,Shape Triangle,46,Day
2025-10-13,Shape Triangle,49,Day
2025-10-14,Shape Triangle,53,Day
2025-10-15,Shape Triangle,140,Day
2025-10-16,Shape Triangle,143,Day
2025-10-17,Shape Triangle,207,Day
2025-10-18,Shape Triangle,170,Day
2025-10-19,Shape Triangle,105,Day
2025-10-20,Shape Triangle,116,Day
2025-10-21,Shape Triangle,121,Day
2025-10-22,Shape Triangle,150,Day
2025-10-23,Shape Triangle,94,Day
2025-10-24,Shape Triangle,155,Day
2025-10-25,Shape Triangle,148,Day
2025-10-26,Shape Triangle,77,Day
2025-10-27,Shape Triangle,126,Day
2025-10-28,Shape Triangle,85,Day
2025-10-29,Shape Triangle,141,Day
2025-10-30,Shape Triangle,120,Day
2025-10-31,Shape Triangle,146,Day
2025-11-01,Shape Triangle,153,Day
2025-11-02,Shape Triangle,79,Day
2025-11-03,Shape Triangle,12,Day
2025_07,Shape Triangle,25767,Month
2025_08,Shape Triangle,13335,Month
2025_09,Shape Triangle,7435,Month
2025_10,Shape Triangle,3037,Month
2025_11,Shape Triangle,244,Month
2025_27,Shape Triangle,4989,Week
2025_28,Shape Triangle,15489,Week
2025_29,Shape Triangle,3653,Week
2025_31,Shape Triangle,3508,Week
2025_32,Shape Triangle,3255,Week
2025_33,Shape Triangle,3704,Week
2025_34,Shape Triangle,3277,Week
2025_35,Shape Triangle,1819,Week
2025_36,Shape Triangle,986,Week
2025_37,Shape Triangle,2175,Week
2025_38,Shape Triangle,2253,Week
2025_39,Shape Triangle,1429,Week
2025_40,Shape Triangle,407,Week
2025_41,Shape Triangle,386,Week
2025_42,Shape Triangle,1002,Week
2025_43,Shape Triangle,835,Week
2025_44,Shape Triangle,651,Week
2025-07-02,Color Red,2,Day
2025-07-05,Color Red,5371,Day
2025-07-06,Color Red,1373,Day
2025-07-07,Color Red,5419,Day
2025-07-08,Color Red,1749,Day
2025-07-09,Color Red,1845,Day
2025-07-10,Color Red,694,Day
2025-07-11,Color Red,1840,Day
2025-07-12,Color Red,1815,Day
2025-07-13,Color Red,690,Day
2025-07-14,Color Red,1518,Day
2025-07-15,Color Red,672,Day
2025-07-16,Color Red,1436,Day
2025-07-17,Color Red,724,Day
2025-07-18,Color Red,1749,Day
2025-07-19,Color Red,823,Day
2025-07-20,Color Red,370,Day
2025-07-21,Color Red,1424,Day
2025-07-22,Color Red,317,Day
2025-07-30,Color Red,1481,Day
2025-07-31,Color Red,1168,Day
2025-08-01,Color Red,1842,Day
2025-08-02,Color Red,914,Day
2025-08-03,Color Red,243,Day
2025-08-04,Color Red,220,Day
2025-08-05,Color Red,131,Day
2025-08-06,Color Red,894,Day
2025-08-07,Color Red,663,Day
2025-08-08,Color Red,1344,Day
2025-08-09,Color Red,1254,Day
2025-08-10,Color Red,826,Day
2025-08-11,Color Red,355,Day
2025-08-12,Color Red,676,Day
2025-08-13,Color Red,1254,Day
2025-08-14,Color Red,643,Day
2025-08-15,Color Red,1161,Day
2025-08-16,Color Red,1402,Day
2025-08-17,Color Red,873,Day
2025-08-18,Color Red,1139,Day
2025-08-19,Color Red,1156,Day
2025-08-20,Color Red,1467,Day
2025-08-21,Color Red,763,Day
2025-08-22,Color Red,1263,Day
2025-08-23,Color Red,1553,Day
2025-08-24,Color Red,902,Day
2025-08-25,Color Red,446,Day
2025-08-26,Color Red,328,Day
2025-08-27,Color Red,784,Day
2025-08-28,Color Red,540,Day
2025-08-29,Color Red,622,Day
2025-08-30,Color Red,560,Day
2025-08-31,Color Red,377,Day
2025-09-01,Color Red,807,Day
2025-09-02,Color Red,527,Day
2025-09-03,Color Red,540,Day
2025-09-04,Color Red,439,Day
2025-09-05,Color Red,839,Day
2025-09-06,Color Red,443,Day
2025-09-07,Color Red,101,Day
2025-09-08,Color Red,394,Day
2025-09-09,Color Red,613,Day
2025-09-10,Color Red,841,Day
2025-09-11,Color Red,887,Day
2025-09-12,Color Red,1133,Day
2025-09-13,Color Red,1008,Day
2025-09-14,Color Red,1018,Day
2025-09-15,Color Red,1245,Day
2025-09-16,Color Red,1319,Day
2025-09-17,Color Red,1163,Day
2025-09-18,Color Red,793,Day
2025-09-19,Color Red,1071,Day
2025-09-20,Color Red,977,Day
2025-09-21,Color Red,568,Day
2025-09-22,Color Red,1055,Day
2025-09-23,Color Red,718,Day
2025-09-24,Color Red,717,Day
2025-09-25,Color Red,627,Day
2025-09-26,Color Red,833,Day
2025-09-27,Color Red,708,Day
2025-09-28,Color Red,324,Day
2025-09-29,Color Red,506,Day
2025-09-30,Color Red,549,Day
2025-10-01,Color Red,159,Day
2025-10-02,Color Red,114,Day
2025-10-03,Color Red,152,Day
2025-10-04,Color Red,155,Day
2025-10-05,Color Red,99,Day
2025-10-06,Color Red,94,Day
2025-10-07,Color Red,134,Day
2025-10-08,Color Red,169,Day
2025-10-09,Color Red,151,Day
2025-10-10,Color Red,176,Day
2025-10-11,Color Red,153,Day
2025-10-12,Color Red,99,Day
2025-10-13,Color Red,133,Day
2025-10-14,Color Red,149,Day
2025-10-15,Color Red,585,Day
2025-10-16,Color Red,419,Day
2025-10-17,Color Red,697,Day
2025-10-18,Color Red,622,Day
2025-10-19,Color Red,320,Day
2025-10-20,Color Red,419,Day
2025-10-21,Color Red,387,Day
2025-10-22,Color Red,495,Day
2025-10-23,Color Red,299,Day
2025-10-24,Color Red,563,Day
2025-10-25,Color Red,471,Day
2025-10-26,Color Red,300,Day
2025-10-27,Color Red,458,Day
2025-10-28,Color Red,331,Day
2025-10-29,Color Red,428,Day
2025-10-30,Color Red,295,Day
2025-10-31,Color Red,528,Day
2025-11-01,Color Red,542,Day
2025-11-02,Color Red,284,Day
2025-11-03,Color Red,37,Day
2025_07,Color Red,32480,Month
2025_08,Color Red,26595,Month
2025_09,Color Red,22763,Month
2025_10,Color Red,9554,Month
2025_11,Color Red,863,Month
2025_27,Color Red,13914,Week
2025_28,Color Red,9074,Week
2025_29,Color Red,6843,Week
2025_31,Color Red,5999,Week
2025_32,Color Red,6012,Week
2025_33,Color Red,7628,Week
2025_34,Color Red,6722,Week
2025_35,Color Red,4217,Week
2025_36,Color Red,3369,Week
2025_37,Color Red,7451,Week
2025_38,Color Red,6345,Week
2025_39,Color Red,4264,Week
2025_40,Color Red,907,Week
2025_41,Color Red,1030,Week
2025_42,Color Red,3449,Week
2025_43,Color Red,2917,Week
2025_44,Color Red,2114,Week
2025-07-02,Color Yellow,1,Day
2025-07-03,Color Yellow,1,Day
2025-07-05,Color Yellow,374,Day
2025-07-06,Color Yellow,207,Day
2025-07-07,Color Yellow,702,Day
2025-07-08,Color Yellow,388,Day
2025-07-09,Color Yellow,1169,Day
2025-07-10,Color Yellow,392,Day
2025-07-11,Color Yellow,2047,Day
2025-07-12,Color Yellow,5087,Day
2025-07-13,Color Yellow,1353,Day
2025-07-14,Color Yellow,3924,Day
2025-07-15,Color Yellow,1374,Day
2025-07-16,Color Yellow,821,Day
2025-07-17,Color Yellow,378,Day
2025-07-18,Color Yellow,732,Day
2025-07-19,Color Yellow,327,Day
2025-07-20,Color Yellow,211,Day
2025-07-21,Color Yellow,617,Day
2025-07-22,Color Yellow,175,Day
2025-07-30,Color Yellow,515,Day
2025-07-31,Color Yellow,491,Day
2025-08-01,Color Yellow,694,Day
2025-08-02,Color Yellow,369,Day
2025-08-03,Color Yellow,95,Day
2025-08-04,Color Yellow,70,Day
2025-08-05,Color Yellow,54,Day
2025-08-06,Color Yellow,359,Day
2025-08-07,Color Yellow,294,Day
2025-08-08,Color Yellow,471,Day
2025-08-09,Color Yellow,518,Day
2025-08-10,Color Yellow,402,Day
2025-08-11,Color Yellow,158,Day
2025-08-12,Color Yellow,289,Day
2025-08-13,Color Yellow,439,Day
2025-08-14,Color Yellow,243,Day
2025-08-15,Color Yellow,377,Day
2025-08-16,Color Yellow,417,Day
2025-08-17,Color Yellow,277,Day
2025-08-18,Color Yellow,346,Day
2025-08-19,Color Yellow,350,Day
2025-08-20,Color Yellow,476,Day
2025-08-21,Color Yellow,279,Day
2025-08-22,Color Yellow,421,Day
2025-08-23,Color Yellow,486,Day
2025-08-24,Color Yellow,345,Day
2025-08-25,Color Yellow,193,Day
2025-08-26,Color Yellow,121,Day
2025-08-27,Color Yellow,208,Day
2025-08-28,Color Yellow,187,Day
2025-08-29,Color Yellow,171,Day
2025-08-30,Color Yellow,161,Day
2025-08-31,Color Yellow,122,Day
2025-09-01,Color Yellow,263,Day
2025-09-02,Color Yellow,165,Day
2025-09-03,Color Yellow,70,Day
2025-09-04,Color Yellow,93,Day
2025-09-05,Color Yellow,114,Day
2025-09-06,Color Yellow,96,Day
2025-09-07,Color Yellow,17,Day
2025-09-08,Color Yellow,42,Day
2025-09-09,Color Yellow,97,Day
2025-09-10,Color Yellow,150,Day
2025-09-11,Color Yellow,212,Day
2025-09-12,Color Yellow,204,Day
2025-09-13,Color Yellow,221,Day
2025-09-14,Color Yellow,165,Day
2025-09-15,Color Yellow,236,Day
2025-09-16,Color Yellow,208,Day
2025-09-17,Color Yellow,242,Day
2025-09-18,Color Yellow,188,Day
2025-09-19,Color Yellow,267,Day
2025-09-20,Color Yellow,180,Day
2025-09-21,Color Yellow,156,Day
2025-09-22,Color Yellow,230,Day
2025-09-23,Color Yellow,161,Day
2025-09-24,Color Yellow,173,Day
2025-09-25,Color Yellow,112,Day
2025-09-26,Color Yellow,168,Day
2025-09-27,Color Yellow,171,Day
2025-09-28,Color Yellow,96,Day
2025-09-29,Color Yellow,100,Day
2025-09-30,Color Yellow,110,Day
2025-10-01,Color Yellow,61,Day
2025-10-02,Color Yellow,33,Day
2025-10-03,Color Yellow,31,Day
2025-10-04,Color Yellow,41,Day
2025-10-05,Color Yellow,33,Day
2025-10-06,Color Yellow,31,Day
2025-10-07,Color Yellow,37,Day
2025-10-08,Color Yellow,54,Day
2025-10-09,Color Yellow,50,Day
2025-10-10,Color Yellow,71,Day
2025-10-11,Color Yellow,48,Day
2025-10-12,Color Yellow,47,Day
2025-10-13,Color Yellow,40,Day
2025-10-14,Color Yellow,39,Day
2025-10-15,Color Yellow,109,Day
2025-10-16,Color Yellow,90,Day
2025-10-17,Color Yellow,128,Day
2025-10-18,Color Yellow,102,Day
2025-10-19,Color Yellow,61,Day
2025-10-20,Color Yellow,80,Day
2025-10-21,Color Yellow,82,Day
2025-10-22,Color Yellow,94,Day
2025-10-23,Color Yellow,79,Day
2025-10-24,Color Yellow,101,Day
2025-10-25,Color Yellow,85,Day
2025-10-26,Color Yellow,54,Day
2025-10-27,Color Yellow,62,Day
2025-10-28,Color Yellow,66,Day
2025-10-29,Color Yellow,91,Day
2025-10-30,Color Yellow,61,Day
2025-10-31,Color Yellow,91,Day
2025-11-01,Color Yellow,89,Day
2025-11-02,Color Yellow,69,Day
2025-11-03,Color Yellow,9,Day
2025_07,Color Yellow,21286,Month
2025_08,Color Yellow,9392,Month
2025_09,Color Yellow,4707,Month
2025_10,Color Yellow,2052,Month
2025_11,Color Yellow,167,Month
2025_27,Color Yellow,1673,Week
2025_28,Color Yellow,15346,Week
2025_29,Color Yellow,3261,Week
2025_31,Color Yellow,2288,Week
2025_32,Color Yellow,2491,Week
2025_33,Color Yellow,2449,Week
2025_34,Color Yellow,2321,Week
2025_35,Color Yellow,1277,Week
2025_36,Color Yellow,529,Week
2025_37,Color Yellow,1396,Week
2025_38,Color Yellow,1424,Week
2025_39,Color Yellow,930,Week
2025_40,Color Yellow,267,Week
2025_41,Color Yellow,349,Week
2025_42,Color Yellow,652,Week
2025_43,Color Yellow,541,Week
2025_44,Color Yellow,410,Week
2025-09-02,Numbers I,2,Day
2025-09-03,Numbers I,158,Day
2025-09-04,Numbers I,102,Day
2025-09-05,Numbers I,236,Day
2025-09-06,Numbers I,146,Day
2025-09-07,Numbers I,41,Day
2025-09-08,Numbers I,115,Day
2025-09-09,Numbers I,186,Day
2025-09-10,Numbers I,235,Day
2025-09-11,Numbers I,322,Day
2025-09-12,Numbers I,317,Day
2025-09-13,Numbers I,314,Day
2025-09-14,Numbers I,294,Day
2025-09-15,Numbers I,377,Day
2025-09-16,Numbers I,439,Day
2025-09-17,Numbers I,392,Day
2025-09-18,Numbers I,290,Day
2025-09-19,Numbers I,446,Day
2025-09-20,Numbers I,407,Day
2025-09-21,Numbers I,271,Day
2025-09-22,Numbers I,325,Day
2025-09-23,Numbers I,266,Day
2025-09-24,Numbers I,276,Day
2025-09-25,Numbers I,238,Day
2025-09-26,Numbers I,278,Day
2025-09-27,Numbers I,284,Day
2025-09-28,Numbers I,166,Day
2025-09-29,Numbers I,204,Day
2025-09-30,Numbers I,214,Day
2025-10-01,Numbers I,108,Day
2025-10-02,Numbers I,34,Day
2025-10-03,Numbers I,57,Day
2025-10-04,Numbers I,94,Day
2025-10-05,Numbers I,59,Day
2025-10-06,Numbers I,78,Day
2025-10-07,Numbers I,79,Day
2025-10-08,Numbers I,76,Day
2025-10-09,Numbers I,52,Day
2025-10-10,Numbers I,76,Day
2025-10-11,Numbers I,44,Day
2025-10-12,Numbers I,39,Day
2025-10-13,Numbers I,83,Day
2025-10-14,Numbers I,56,Day
2025-10-15,Numbers I,170,Day
2025-10-16,Numbers I,116,Day
2025-10-17,Numbers I,165,Day
2025-10-18,Numbers I,173,Day
2025-10-19,Numbers I,99,Day
2025-10-20,Numbers I,154,Day
2025-10-21,Numbers I,127,Day
2025-10-22,Numbers I,195,Day
2025-10-23,Numbers I,113,Day
2025-10-24,Numbers I,171,Day
2025-10-25,Numbers I,180,Day
2025-10-26,Numbers I,114,Day
2025-10-27,Numbers I,157,Day
2025-10-28,Numbers I,134,Day
2025-10-29,Numbers I,141,Day
2025-10-30,Numbers I,128,Day
2025-10-31,Numbers I,188,Day
2025-11-01,Numbers I,191,Day
2025-11-02,Numbers I,120,Day
2025-11-03,Numbers I,16,Day
2025_09,Numbers I,7341,Month
2025_10,Numbers I,3460,Month
2025_11,Numbers I,327,Month
2025_35,Numbers I,2,Week
2025_36,Numbers I,984,Week
2025_37,Numbers I,2298,Week
2025_38,Numbers I,2397,Week
2025_39,Numbers I,1660,Week
2025_40,Numbers I,509,Week
2025_41,Numbers I,426,Week
2025_42,Numbers I,1004,Week
2025_43,Numbers I,1064,Week
2025_44,Numbers I,784,Week
2025-09-02,Numbers II,4,Day
2025-09-03,Numbers II,92,Day
2025-09-04,Numbers II,78,Day
2025-09-05,Numbers II,118,Day
2025-09-06,Numbers II,73,Day
2025-09-07,Numbers II,33,Day
2025-09-08,Numbers II,41,Day
2025-09-09,Numbers II,97,Day
2025-09-10,Numbers II,126,Day
2025-09-11,Numbers II,153,Day
2025-09-12,Numbers II,143,Day
2025-09-13,Numbers II,197,Day
2025-09-14,Numbers II,207,Day
2025-09-15,Numbers II,199,Day
2025-09-16,Numbers II,252,Day
2025-09-17,Numbers II,205,Day
2025-09-18,Numbers II,147,Day
2025-09-19,Numbers II,206,Day
2025-09-20,Numbers II,205,Day
2025-09-21,Numbers II,137,Day
2025-09-22,Numbers II,210,Day
2025-09-23,Numbers II,130,Day
2025-09-24,Numbers II,202,Day
2025-09-25,Numbers II,143,Day
2025-09-26,Numbers II,181,Day
2025-09-27,Numbers II,174,Day
2025-09-28,Numbers II,106,Day
2025-09-29,Numbers II,134,Day
2025-09-30,Numbers II,126,Day
2025-10-01,Numbers II,65,Day
2025-10-02,Numbers II,18,Day
2025-10-03,Numbers II,51,Day
2025-10-04,Numbers II,39,Day
2025-10-05,Numbers II,27,Day
2025-10-06,Numbers II,39,Day
2025-10-07,Numbers II,79,Day
2025-10-08,Numbers II,94,Day
2025-10-09,Numbers II,50,Day
2025-10-10,Numbers II,57,Day
2025-10-11,Numbers II,51,Day
2025-10-12,Numbers II,44,Day
2025-10-13,Numbers II,64,Day
2025-10-14,Numbers II,68,Day
2025-10-15,Numbers II,119,Day
2025-10-16,Numbers II,111,Day
2025-10-17,Numbers II,120,Day
2025-10-18,Numbers II,163,Day
2025-10-19,Numbers II,96,Day
2025-10-20,Numbers II,115,Day
2025-10-21,Numbers II,110,Day
2025-10-22,Numbers II,117,Day
2025-10-23,Numbers II,121,Day
2025-10-24,Numbers II,111,Day
2025-10-25,Numbers II,118,Day
2025-10-26,Numbers II,74,Day
2025-10-27,Numbers II,113,Day
2025-10-28,Numbers II,66,Day
2025-10-29,Numbers II,96,Day
2025-10-30,Numbers II,79,Day
2025-10-31,Numbers II,94,Day
2025-11-01,Numbers II,96,Day
2025-11-02,Numbers II,60,Day
2025-11-03,Numbers II,9,Day
2025_09,Numbers II,4119,Month
2025_10,Numbers II,2569,Month
2025_11,Numbers II,165,Month
2025_35,Numbers II,4,Week
2025_36,Numbers II,532,Week
2025_37,Numbers II,1277,Week
2025_38,Numbers II,1240,Week
2025_39,Numbers II,1066,Week
2025_40,Numbers II,318,Week
2025_41,Numbers II,428,Week
2025_42,Numbers II,834,Week
2025_43,Numbers II,720,Week
2025_44,Numbers II,434,Week
2025-07-30,Relational Comparison,252,Day
2025-07-31,Relational Comparison,231,Day
2025-08-01,Relational Comparison,293,Day
2025-08-02,Relational Comparison,165,Day
2025-08-03,Relational Comparison,59,Day
2025-08-04,Relational Comparison,26,Day
2025-08-05,Relational Comparison,24,Day
2025-08-06,Relational Comparison,128,Day
2025-08-07,Relational Comparison,119,Day
2025-08-08,Relational Comparison,209,Day
2025-08-09,Relational Comparison,208,Day
2025-08-10,Relational Comparison,142,Day
2025-08-11,Relational Comparison,63,Day
2025-08-12,Relational Comparison,145,Day
2025-08-13,Relational Comparison,165,Day
2025-08-14,Relational Comparison,108,Day
2025-08-15,Relational Comparison,164,Day
2025-08-16,Relational Comparison,183,Day
2025-08-17,Relational Comparison,98,Day
2025-08-18,Relational Comparison,106,Day
2025-08-19,Relational Comparison,111,Day
2025-08-20,Relational Comparison,152,Day
2025-08-21,Relational Comparison,106,Day
2025-08-22,Relational Comparison,126,Day
2025-08-23,Relational Comparison,169,Day
2025-08-24,Relational Comparison,105,Day
2025-08-25,Relational Comparison,65,Day
2025-08-26,Relational Comparison,39,Day
2025-08-27,Relational Comparison,72,Day
2025-08-28,Relational Comparison,71,Day
2025-08-29,Relational Comparison,54,Day
2025-08-30,Relational Comparison,51,Day
2025-08-31,Relational Comparison,39,Day
2025-09-01,Relational Comparison,82,Day
2025-09-02,Relational Comparison,61,Day
2025-09-03,Relational Comparison,19,Day
2025-09-04,Relational Comparison,15,Day
2025-09-05,Relational Comparison,24,Day
2025-09-06,Relational Comparison,20,Day
2025-09-07,Relational Comparison,8,Day
2025-09-08,Relational Comparison,28,Day
2025-09-09,Relational Comparison,28,Day
2025-09-10,Relational Comparison,38,Day
2025-09-11,Relational Comparison,42,Day
2025-09-12,Relational Comparison,55,Day
2025-09-13,Relational Comparison,47,Day
2025-09-14,Relational Comparison,69,Day
2025-09-15,Relational Comparison,70,Day
2025-09-16,Relational Comparison,78,Day
2025-09-17,Relational Comparison,76,Day
2025-09-18,Relational Comparison,46,Day
2025-09-19,Relational Comparison,70,Day
2025-09-20,Relational Comparison,65,Day
2025-09-21,Relational Comparison,45,Day
2025-09-22,Relational Comparison,77,Day
2025-09-23,Relational Comparison,61,Day
2025-09-24,Relational Comparison,53,Day
2025-09-25,Relational Comparison,45,Day
2025-09-26,Relational Comparison,76,Day
2025-09-27,Relational Comparison,69,Day
2025-09-28,Relational Comparison,39,Day
2025-09-29,Relational Comparison,54,Day
2025-09-30,Relational Comparison,39,Day
2025-10-01,Relational Comparison,28,Day
2025-10-02,Relational Comparison,11,Day
2025-10-03,Relational Comparison,26,Day
2025-10-04,Relational Comparison,22,Day
2025-10-05,Relational Comparison,14,Day
2025-10-06,Relational Comparison,14,Day
2025-10-07,Relational Comparison,17,Day
2025-10-08,Relational Comparison,16,Day
2025-10-09,Relational Comparison,25,Day
2025-10-10,Relational Comparison,37,Day
2025-10-11,Relational Comparison,25,Day
2025-10-12,Relational Comparison,18,Day
2025-10-13,Relational Comparison,21,Day
2025-10-14,Relational Comparison,19,Day
2025-10-15,Relational Comparison,32,Day
2025-10-16,Relational Comparison,28,Day
2025-10-17,Relational Comparison,24,Day
2025-10-18,Relational Comparison,33,Day
2025-10-19,Relational Comparison,25,Day
2025-10-20,Relational Comparison,27,Day
2025-10-21,Relational Comparison,27,Day
2025-10-22,Relational Comparison,17,Day
2025-10-23,Relational Comparison,36,Day
2025-10-24,Relational Comparison,36,Day
2025-10-25,Relational Comparison,28,Day
2025-10-26,Relational Comparison,19,Day
2025-10-27,Relational Comparison,23,Day
2025-10-28,Relational Comparison,21,Day
2025-10-29,Relational Comparison,20,Day
2025-10-30,Relational Comparison,28,Day
2025-10-31,Relational Comparison,44,Day
2025-11-01,Relational Comparison,39,Day
2025-11-02,Relational Comparison,21,Day
2025-11-03,Relational Comparison,1,Day
2025_07,Relational Comparison,483,Month
2025_08,Relational Comparison,3565,Month
2025_09,Relational Comparison,1499,Month
2025_10,Relational Comparison,761,Month
2025_11,Relational Comparison,61,Month
2025_31,Relational Comparison,1050,Week
2025_32,Relational Comparison,1014,Week
2025_33,Relational Comparison,935,Week
2025_34,Relational Comparison,762,Week
2025_35,Relational Comparison,430,Week
2025_36,Relational Comparison,142,Week
2025_37,Relational Comparison,399,Week
2025_38,Relational Comparison,440,Week
2025_39,Relational Comparison,375,Week
2025_40,Relational Comparison,132,Week
2025_41,Relational Comparison,161,Week
2025_42,Relational Comparison,196,Week
2025_43,Relational Comparison,180,Week
2025_44,Relational Comparison,153,Week
2025-09-12,Sorting Primary Colors,63,Day
2025-09-13,Sorting Primary Colors,74,Day
2025-09-14,Sorting Primary Colors,82,Day
2025-09-15,Sorting Primary Colors,49,Day
2025-09-16,Sorting Primary Colors,101,Day
2025-09-17,Sorting Primary Colors,303,Day
2025-09-18,Sorting Primary Colors,268,Day
2025-09-19,Sorting Primary Colors,492,Day
2025-09-20,Sorting Primary Colors,6922,Day
2025-09-21,Sorting Primary Colors,3186,Day
2025-09-22,Sorting Primary Colors,4579,Day
2025-09-23,Sorting Primary Colors,2483,Day
2025-09-24,Sorting Primary Colors,1049,Day
2025-09-25,Sorting Primary Colors,463,Day
2025-09-26,Sorting Primary Colors,471,Day
2025-09-27,Sorting Primary Colors,399,Day
2025-09-28,Sorting Primary Colors,224,Day
2025-09-29,Sorting Primary Colors,226,Day
2025-09-30,Sorting Primary Colors,189,Day
2025-10-01,Sorting Primary Colors,381,Day
2025-10-02,Sorting Primary Colors,299,Day
2025-10-03,Sorting Primary Colors,508,Day
2025-10-04,Sorting Primary Colors,523,Day
2025-10-05,Sorting Primary Colors,305,Day
2025-10-06,Sorting Primary Colors,572,Day
2025-10-07,Sorting Primary Colors,494,Day
2025-10-08,Sorting Primary Colors,376,Day
2025-10-09,Sorting Primary Colors,195,Day
2025-10-10,Sorting Primary Colors,182,Day
2025-10-11,Sorting Primary Colors,263,Day
2025-10-12,Sorting Primary Colors,201,Day
2025-10-13,Sorting Primary Colors,239,Day
2025-10-14,Sorting Primary Colors,290,Day
2025-10-15,Sorting Primary Colors,251,Day
2025-10-16,Sorting Primary Colors,141,Day
2025-10-17,Sorting Primary Colors,141,Day
2025-10-18,Sorting Primary Colors,156,Day
2025-10-19,Sorting Primary Colors,130,Day
2025-10-20,Sorting Primary Colors,108,Day
2025-10-21,Sorting Primary Colors,130,Day
2025-10-22,Sorting Primary Colors,122,Day
2025-10-23,Sorting Primary Colors,98,Day
2025-10-24,Sorting Primary Colors,120,Day
2025-10-25,Sorting Primary Colors,80,Day
2025-10-26,Sorting Primary Colors,71,Day
2025-10-27,Sorting Primary Colors,70,Day
2025-10-28,Sorting Primary Colors,93,Day
2025-10-29,Sorting Primary Colors,74,Day
2025-10-30,Sorting Primary Colors,72,Day
2025-10-31,Sorting Primary Colors,96,Day
2025-11-01,Sorting Primary Colors,81,Day
2025-11-02,Sorting Primary Colors,67,Day
2025-11-03,Sorting Primary Colors,10,Day
2025_09,Sorting Primary Colors,21623,Month
2025_10,Sorting Primary Colors,6781,Month
2025_11,Sorting Primary Colors,158,Month
2025_37,Sorting Primary Colors,369,Week
2025_38,Sorting Primary Colors,18233,Week
2025_39,Sorting Primary Colors,3021,Week
2025_40,Sorting Primary Colors,3082,Week
2025_41,Sorting Primary Colors,1746,Week
2025_42,Sorting Primary Colors,1057,Week
2025_43,Sorting Primary Colors,654,Week
2025_44,Sorting Primary Colors,400,Week
2025-07-30,Quantitative Comparison,656,Day
2025-07-31,Quantitative Comparison,497,Day
2025-08-01,Quantitative Comparison,403,Day
2025-08-02,Quantitative Comparison,224,Day
2025-08-03,Quantitative Comparison,90,Day
2025-08-04,Quantitative Comparison,89,Day
2025-08-05,Quantitative Comparison,111,Day
2025-08-06,Quantitative Comparison,157,Day
2025-08-07,Quantitative Comparison,146,Day
2025-08-08,Quantitative Comparison,193,Day
2025-08-09,Quantitative Comparison,156,Day
2025-08-10,Quantitative Comparison,120,Day
2025-08-11,Quantitative Comparison,69,Day
2025-08-12,Quantitative Comparison,140,Day
2025-08-13,Quantitative Comparison,177,Day
2025-08-14,Quantitative Comparison,102,Day
2025-08-15,Quantitative Comparison,133,Day
2025-08-16,Quantitative Comparison,188,Day
2025-08-17,Quantitative Comparison,107,Day
2025-08-18,Quantitative Comparison,140,Day
2025-08-19,Quantitative Comparison,143,Day
2025-08-20,Quantitative Comparison,154,Day
2025-08-21,Quantitative Comparison,89,Day
2025-08-22,Quantitative Comparison,105,Day
2025-08-23,Quantitative Comparison,151,Day
2025-08-24,Quantitative Comparison,106,Day
2025-08-25,Quantitative Comparison,68,Day
2025-08-26,Quantitative Comparison,62,Day
2025-08-27,Quantitative Comparison,73,Day
2025-08-28,Quantitative Comparison,57,Day
2025-08-29,Quantitative Comparison,65,Day
2025-08-30,Quantitative Comparison,70,Day
2025-08-31,Quantitative Comparison,51,Day
2025-09-01,Quantitative Comparison,65,Day
2025-09-02,Quantitative Comparison,65,Day
2025-09-03,Quantitative Comparison,36,Day
2025-09-04,Quantitative Comparison,23,Day
2025-09-05,Quantitative Comparison,37,Day
2025-09-06,Quantitative Comparison,27,Day
2025-09-07,Quantitative Comparison,11,Day
2025-09-08,Quantitative Comparison,24,Day
2025-09-09,Quantitative Comparison,41,Day
2025-09-10,Quantitative Comparison,43,Day
2025-09-11,Quantitative Comparison,58,Day
2025-09-12,Quantitative Comparison,60,Day
2025-09-13,Quantitative Comparison,60,Day
2025-09-14,Quantitative Comparison,51,Day
2025-09-15,Quantitative Comparison,77,Day
2025-09-16,Quantitative Comparison,70,Day
2025-09-17,Quantitative Comparison,1903,Day
2025-09-18,Quantitative Comparison,903,Day
2025-09-19,Quantitative Comparison,2682,Day
2025-09-20,Quantitative Comparison,1152,Day
2025-09-21,Quantitative Comparison,232,Day
2025-09-22,Quantitative Comparison,155,Day
2025-09-23,Quantitative Comparison,105,Day
2025-09-24,Quantitative Comparison,103,Day
2025-09-25,Quantitative Comparison,63,Day
2025-09-26,Quantitative Comparison,77,Day
2025-09-27,Quantitative Comparison,59,Day
2025-09-28,Quantitative Comparison,55,Day
2025-09-29,Quantitative Comparison,65,Day
2025-09-30,Quantitative Comparison,66,Day
2025-10-01,Quantitative Comparison,40,Day
2025-10-02,Quantitative Comparison,27,Day
2025-10-03,Quantitative Comparison,31,Day
2025-10-04,Quantitative Comparison,38,Day
2025-10-05,Quantitative Comparison,20,Day
2025-10-06,Quantitative Comparison,43,Day
2025-10-07,Quantitative Comparison,38,Day
2025-10-08,Quantitative Comparison,42,Day
2025-10-09,Quantitative Comparison,35,Day
2025-10-10,Quantitative Comparison,47,Day
2025-10-11,Quantitative Comparison,40,Day
2025-10-12,Quantitative Comparison,18,Day
2025-10-13,Quantitative Comparison,33,Day
2025-10-14,Quantitative Comparison,38,Day
2025-10-15,Quantitative Comparison,40,Day
2025-10-16,Quantitative Comparison,26,Day
2025-10-17,Quantitative Comparison,39,Day
2025-10-18,Quantitative Comparison,56,Day
2025-10-19,Quantitative Comparison,36,Day
2025-10-20,Quantitative Comparison,49,Day
2025-10-21,Quantitative Comparison,25,Day
2025-10-22,Quantitative Comparison,39,Day
2025-10-23,Quantitative Comparison,27,Day
2025-10-24,Quantitative Comparison,36,Day
2025-10-25,Quantitative Comparison,43,Day
2025-10-26,Quantitative Comparison,30,Day
2025-10-27,Quantitative Comparison,38,Day
2025-10-28,Quantitative Comparison,35,Day
2025-10-29,Quantitative Comparison,30,Day
2025-10-30,Quantitative Comparison,34,Day
2025-10-31,Quantitative Comparison,42,Day
2025-11-01,Quantitative Comparison,33,Day
2025-11-02,Quantitative Comparison,17,Day
2025_07,Quantitative Comparison,1153,Month
2025_08,Quantitative Comparison,3939,Month
2025_09,Quantitative Comparison,8368,Month
2025_10,Quantitative Comparison,1115,Month
2025_11,Quantitative Comparison,50,Month
2025_31,Quantitative Comparison,2070,Week
2025_32,Quantitative Comparison,981,Week
2025_33,Quantitative Comparison,990,Week
2025_34,Quantitative Comparison,735,Week
2025_35,Quantitative Comparison,446,Week
2025_36,Quantitative Comparison,199,Week
2025_37,Quantitative Comparison,419,Week
2025_38,Quantitative Comparison,7132,Week
2025_39,Quantitative Comparison,488,Week
2025_40,Quantitative Comparison,237,Week
2025_41,Quantitative Comparison,253,Week
2025_42,Quantitative Comparison,271,Week
2025_43,Quantitative Comparison,248,Week
2025_44,Quantitative Comparison,156,Week
2025-09-02,Relational Comparison II,1,Day
2025-09-03,Relational Comparison II,61,Day
2025-09-04,Relational Comparison II,39,Day
2025-09-05,Relational Comparison II,34,Day
2025-09-06,Relational Comparison II,31,Day
2025-09-07,Relational Comparison II,17,Day
2025-09-08,Relational Comparison II,30,Day
2025-09-09,Relational Comparison II,104,Day
2025-09-10,Relational Comparison II,80,Day
2025-09-11,Relational Comparison II,57,Day
2025-09-12,Relational Comparison II,48,Day
2025-09-13,Relational Comparison II,35,Day
2025-09-14,Relational Comparison II,45,Day
2025-09-15,Relational Comparison II,34,Day
2025-09-16,Relational Comparison II,82,Day
2025-09-17,Relational Comparison II,52,Day
2025-09-18,Relational Comparison II,32,Day
2025-09-19,Relational Comparison II,46,Day
2025-09-20,Relational Comparison II,37,Day
2025-09-21,Relational Comparison II,37,Day
2025-09-22,Relational Comparison II,40,Day
2025-09-23,Relational Comparison II,41,Day
2025-09-24,Relational Comparison II,62,Day
2025-09-25,Relational Comparison II,45,Day
2025-09-26,Relational Comparison II,55,Day
2025-09-27,Relational Comparison II,164,Day
2025-09-28,Relational Comparison II,98,Day
2025-09-29,Relational Comparison II,197,Day
2025-09-30,Relational Comparison II,134,Day
2025-10-01,Relational Comparison II,98,Day
2025-10-02,Relational Comparison II,40,Day
2025-10-03,Relational Comparison II,44,Day
2025-10-04,Relational Comparison II,45,Day
2025-10-05,Relational Comparison II,36,Day
2025-10-06,Relational Comparison II,31,Day
2025-10-07,Relational Comparison II,55,Day
2025-10-08,Relational Comparison II,197,Day
2025-10-09,Relational Comparison II,160,Day
2025-10-10,Relational Comparison II,259,Day
2025-10-11,Relational Comparison II,152,Day
2025-10-12,Relational Comparison II,28,Day
2025-10-13,Relational Comparison II,30,Day
2025-10-14,Relational Comparison II,28,Day
2025-10-15,Relational Comparison II,2347,Day
2025-10-16,Relational Comparison II,1063,Day
2025-10-17,Relational Comparison II,1612,Day
2025-10-18,Relational Comparison II,650,Day
2025-10-19,Relational Comparison II,120,Day
2025-10-20,Relational Comparison II,87,Day
2025-10-21,Relational Comparison II,72,Day
2025-10-22,Relational Comparison II,70,Day
2025-10-23,Relational Comparison II,40,Day
2025-10-24,Relational Comparison II,30,Day
2025-10-25,Relational Comparison II,32,Day
2025-10-26,Relational Comparison II,22,Day
2025-10-27,Relational Comparison II,24,Day
2025-10-28,Relational Comparison II,22,Day
2025-10-29,Relational Comparison II,27,Day
2025-10-30,Relational Comparison II,18,Day
2025-10-31,Relational Comparison II,22,Day
2025-11-01,Relational Comparison II,29,Day
2025-11-02,Relational Comparison II,7,Day
2025-11-03,Relational Comparison II,5,Day
2025_09,Relational Comparison II,1738,Month
2025_10,Relational Comparison II,7461,Month
2025_11,Relational Comparison II,41,Month
2025_35,Relational Comparison II,1,Week
2025_36,Relational Comparison II,316,Week
2025_37,Relational Comparison II,381,Week
2025_38,Relational Comparison II,285,Week
2025_39,Relational Comparison II,755,Week
2025_40,Relational Comparison II,349,Week
2025_41,Relational Comparison II,854,Week
2025_42,Relational Comparison II,5951,Week
2025_43,Relational Comparison II,240,Week
2025_44,Relational Comparison II,108,Week
2025-09-12,Sorting Primary Shapes,91,Day
2025-09-13,Sorting Primary Shapes,154,Day
2025-09-14,Sorting Primary Shapes,131,Day
2025-09-15,Sorting Primary Shapes,193,Day
2025-09-16,Sorting Primary Shapes,248,Day
2025-09-17,Sorting Primary Shapes,490,Day
2025-09-18,Sorting Primary Shapes,272,Day
2025-09-19,Sorting Primary Shapes,669,Day
2025-09-20,Sorting Primary Shapes,379,Day
2025-09-21,Sorting Primary Shapes,149,Day
2025-09-22,Sorting Primary Shapes,103,Day
2025-09-23,Sorting Primary Shapes,81,Day
2025-09-24,Sorting Primary Shapes,88,Day
2025-09-25,Sorting Primary Shapes,70,Day
2025-09-26,Sorting Primary Shapes,85,Day
2025-09-27,Sorting Primary Shapes,51,Day
2025-09-28,Sorting Primary Shapes,45,Day
2025-09-29,Sorting Primary Shapes,41,Day
2025-09-30,Sorting Primary Shapes,42,Day
2025-10-01,Sorting Primary Shapes,149,Day
2025-10-02,Sorting Primary Shapes,88,Day
2025-10-03,Sorting Primary Shapes,155,Day
2025-10-04,Sorting Primary Shapes,182,Day
2025-10-05,Sorting Primary Shapes,150,Day
2025-10-06,Sorting Primary Shapes,177,Day
2025-10-07,Sorting Primary Shapes,231,Day
2025-10-08,Sorting Primary Shapes,113,Day
2025-10-09,Sorting Primary Shapes,56,Day
2025-10-10,Sorting Primary Shapes,88,Day
2025-10-11,Sorting Primary Shapes,65,Day
2025-10-12,Sorting Primary Shapes,63,Day
2025-10-13,Sorting Primary Shapes,85,Day
2025-10-14,Sorting Primary Shapes,105,Day
2025-10-15,Sorting Primary Shapes,84,Day
2025-10-16,Sorting Primary Shapes,55,Day
2025-10-17,Sorting Primary Shapes,48,Day
2025-10-18,Sorting Primary Shapes,35,Day
2025-10-19,Sorting Primary Shapes,29,Day
2025-10-20,Sorting Primary Shapes,31,Day
2025-10-21,Sorting Primary Shapes,12,Day
2025-10-22,Sorting Primary Shapes,20,Day
2025-10-23,Sorting Primary Shapes,17,Day
2025-10-24,Sorting Primary Shapes,12,Day
2025-10-25,Sorting Primary Shapes,21,Day
2025-10-26,Sorting Primary Shapes,9,Day
2025-10-27,Sorting Primary Shapes,3,Day
2025-10-28,Sorting Primary Shapes,17,Day
2025-10-29,Sorting Primary Shapes,15,Day
2025-10-30,Sorting Primary Shapes,17,Day
2025-10-31,Sorting Primary Shapes,36,Day
2025-11-01,Sorting Primary Shapes,17,Day
2025-11-02,Sorting Primary Shapes,20,Day
2025-11-03,Sorting Primary Shapes,6,Day
2025_09,Sorting Primary Shapes,3382,Month
2025_10,Sorting Primary Shapes,2168,Month
2025_11,Sorting Primary Shapes,43,Month
2025_37,Sorting Primary Shapes,817,Week
2025_38,Sorting Primary Shapes,2143,Week
2025_39,Sorting Primary Shapes,422,Week
2025_40,Sorting Primary Shapes,1132,Week
2025_41,Sorting Primary Shapes,575,Week
2025_42,Sorting Primary Shapes,294,Week
2025_43,Sorting Primary Shapes,99,Week
2025_44,Sorting Primary Shapes,111,Week
2025-08-18,Numbers Comparison,300,Day
2025-08-19,Numbers Comparison,264,Day
2025-08-20,Numbers Comparison,2944,Day
2025-08-21,Numbers Comparison,1306,Day
2025-08-22,Numbers Comparison,2308,Day
2025-08-23,Numbers Comparison,1131,Day
2025-08-24,Numbers Comparison,288,Day
2025-08-25,Numbers Comparison,154,Day
2025-08-26,Numbers Comparison,115,Day
2025-08-27,Numbers Comparison,131,Day
2025-08-28,Numbers Comparison,75,Day
2025-08-29,Numbers Comparison,60,Day
2025-08-30,Numbers Comparison,50,Day
2025-08-31,Numbers Comparison,38,Day
2025-09-01,Numbers Comparison,74,Day
2025-09-02,Numbers Comparison,40,Day
2025-09-03,Numbers Comparison,20,Day
2025-09-04,Numbers Comparison,24,Day
2025-09-05,Numbers Comparison,33,Day
2025-09-06,Numbers Comparison,21,Day
2025-09-07,Numbers Comparison,8,Day
2025-09-08,Numbers Comparison,14,Day
2025-09-09,Numbers Comparison,16,Day
2025-09-10,Numbers Comparison,16,Day
2025-09-11,Numbers Comparison,38,Day
2025-09-12,Numbers Comparison,36,Day
2025-09-13,Numbers Comparison,27,Day
2025-09-14,Numbers Comparison,31,Day
2025-09-15,Numbers Comparison,23,Day
2025-09-16,Numbers Comparison,32,Day
2025-09-17,Numbers Comparison,29,Day
2025-09-18,Numbers Comparison,21,Day
2025-09-19,Numbers Comparison,31,Day
2025-09-20,Numbers Comparison,38,Day
2025-09-21,Numbers Comparison,38,Day
2025-09-22,Numbers Comparison,36,Day
2025-09-23,Numbers Comparison,33,Day
2025-09-24,Numbers Comparison,40,Day
2025-09-25,Numbers Comparison,34,Day
2025-09-26,Numbers Comparison,36,Day
2025-09-27,Numbers Comparison,89,Day
2025-09-28,Numbers Comparison,38,Day
2025-09-29,Numbers Comparison,74,Day
2025-09-30,Numbers Comparison,54,Day
2025-10-01,Numbers Comparison,54,Day
2025-10-02,Numbers Comparison,22,Day
2025-10-03,Numbers Comparison,23,Day
2025-10-04,Numbers Comparison,28,Day
2025-10-05,Numbers Comparison,29,Day
2025-10-06,Numbers Comparison,34,Day
2025-10-07,Numbers Comparison,27,Day
2025-10-08,Numbers Comparison,2205,Day
2025-10-09,Numbers Comparison,1223,Day
2025-10-10,Numbers Comparison,2364,Day
2025-10-11,Numbers Comparison,1210,Day
2025-10-12,Numbers Comparison,224,Day
2025-10-13,Numbers Comparison,140,Day
2025-10-14,Numbers Comparison,114,Day
2025-10-15,Numbers Comparison,87,Day
2025-10-16,Numbers Comparison,36,Day
2025-10-17,Numbers Comparison,23,Day
2025-10-18,Numbers Comparison,21,Day
2025-10-19,Numbers Comparison,20,Day
2025-10-20,Numbers Comparison,19,Day
2025-10-21,Numbers Comparison,22,Day
2025-10-22,Numbers Comparison,28,Day
2025-10-23,Numbers Comparison,14,Day
2025-10-24,Numbers Comparison,18,Day
2025-10-25,Numbers Comparison,20,Day
2025-10-26,Numbers Comparison,12,Day
2025-10-27,Numbers Comparison,26,Day
2025-10-28,Numbers Comparison,19,Day
2025-10-29,Numbers Comparison,16,Day
2025-10-30,Numbers Comparison,21,Day
2025-10-31,Numbers Comparison,43,Day
2025-11-01,Numbers Comparison,18,Day
2025-11-02,Numbers Comparison,11,Day
2025-11-03,Numbers Comparison,6,Day
2025_08,Numbers Comparison,9164,Month
2025_09,Numbers Comparison,1044,Month
2025_10,Numbers Comparison,8142,Month
2025_11,Numbers Comparison,35,Month
2025_33,Numbers Comparison,564,Week
2025_34,Numbers Comparison,8246,Week
2025_35,Numbers Comparison,468,Week
2025_36,Numbers Comparison,136,Week
2025_37,Numbers Comparison,203,Week
2025_38,Numbers Comparison,226,Week
2025_39,Numbers Comparison,365,Week
2025_40,Numbers Comparison,217,Week
2025_41,Numbers Comparison,7480,Week
2025_42,Numbers Comparison,228,Week
2025_43,Numbers Comparison,137,Week
2025_44,Numbers Comparison,115,Week
2025-07-30,Color Blue,7092,Day
2025-07-31,Color Blue,3024,Day
2025-08-01,Color Blue,5217,Day
2025-08-02,Color Blue,2180,Day
2025-08-03,Color Blue,394,Day
2025-08-04,Color Blue,219,Day
2025-08-05,Color Blue,122,Day
2025-08-06,Color Blue,274,Day
2025-08-07,Color Blue,211,Day
2025-08-08,Color Blue,341,Day
2025-08-09,Color Blue,338,Day
2025-08-10,Color Blue,270,Day
2025-08-11,Color Blue,125,Day
2025-08-12,Color Blue,234,Day
2025-08-13,Color Blue,293,Day
2025-08-14,Color Blue,193,Day
2025-08-15,Color Blue,264,Day
2025-08-16,Color Blue,316,Day
2025-08-17,Color Blue,222,Day
2025-08-18,Color Blue,233,Day
2025-08-19,Color Blue,268,Day
2025-08-20,Color Blue,311,Day
2025-08-21,Color Blue,229,Day
2025-08-22,Color Blue,259,Day
2025-08-23,Color Blue,338,Day
2025-08-24,Color Blue,254,Day
2025-08-25,Color Blue,122,Day
2025-08-26,Color Blue,94,Day
2025-08-27,Color Blue,180,Day
2025-08-28,Color Blue,188,Day
2025-08-29,Color Blue,143,Day
2025-08-30,Color Blue,129,Day
2025-08-31,Color Blue,107,Day
2025-09-01,Color Blue,137,Day
2025-09-02,Color Blue,133,Day
2025-09-03,Color Blue,75,Day
2025-09-04,Color Blue,45,Day
2025-09-05,Color Blue,70,Day
2025-09-06,Color Blue,42,Day
2025-09-07,Color Blue,19,Day
2025-09-08,Color Blue,53,Day
2025-09-09,Color Blue,65,Day
2025-09-10,Color Blue,67,Day
2025-09-11,Color Blue,75,Day
2025-09-12,Color Blue,116,Day
2025-09-13,Color Blue,127,Day
2025-09-14,Color Blue,105,Day
2025-09-15,Color Blue,132,Day
2025-09-16,Color Blue,122,Day
2025-09-17,Color Blue,157,Day
2025-09-18,Color Blue,121,Day
2025-09-19,Color Blue,161,Day
2025-09-20,Color Blue,186,Day
2025-09-21,Color Blue,129,Day
2025-09-22,Color Blue,135,Day
2025-09-23,Color Blue,103,Day
2025-09-24,Color Blue,101,Day
2025-09-25,Color Blue,104,Day
2025-09-26,Color Blue,173,Day
2025-09-27,Color Blue,174,Day
2025-09-28,Color Blue,89,Day
2025-09-29,Color Blue,106,Day
2025-09-30,Color Blue,130,Day
2025-10-01,Color Blue,73,Day
2025-10-02,Color Blue,51,Day
2025-10-03,Color Blue,43,Day
2025-10-04,Color Blue,68,Day
2025-10-05,Color Blue,40,Day
2025-10-06,Color Blue,44,Day
2025-10-07,Color Blue,63,Day
2025-10-08,Color Blue,87,Day
2025-10-09,Color Blue,66,Day
2025-10-10,Color Blue,104,Day
2025-10-11,Color Blue,70,Day
2025-10-12,Color Blue,43,Day
2025-10-13,Color Blue,55,Day
2025-10-14,Color Blue,32,Day
2025-10-15,Color Blue,91,Day
2025-10-16,Color Blue,62,Day
2025-10-17,Color Blue,95,Day
2025-10-18,Color Blue,85,Day
2025-10-19,Color Blue,43,Day
2025-10-20,Color Blue,61,Day
2025-10-21,Color Blue,89,Day
2025-10-22,Color Blue,73,Day
2025-10-23,Color Blue,65,Day
2025-10-24,Color Blue,82,Day
2025-10-25,Color Blue,89,Day
2025-10-26,Color Blue,69,Day
2025-10-27,Color Blue,61,Day
2025-10-28,Color Blue,68,Day
2025-10-29,Color Blue,81,Day
2025-10-30,Color Blue,77,Day
2025-10-31,Color Blue,93,Day
2025-11-01,Color Blue,64,Day
2025-11-02,Color Blue,45,Day
2025-11-03,Color Blue,16,Day
2025_07,Color Blue,10116,Month
2025_08,Color Blue,14068,Month
2025_09,Color Blue,3252,Month
2025_10,Color Blue,2123,Month
2025_11,Color Blue,125,Month
2025_31,Color Blue,18248,Week
2025_32,Color Blue,1793,Week
2025_33,Color Blue,1789,Week
2025_34,Color Blue,1607,Week
2025_35,Color Blue,1017,Week
2025_36,Color Blue,369,Week
2025_37,Color Blue,744,Week
2025_38,Color Blue,992,Week
2025_39,Color Blue,877,Week
2025_40,Color Blue,382,Week
2025_41,Color Blue,457,Week
2025_42,Color Blue,526,Week
2025_43,Color Blue,507,Week
2025_44,Color Blue,376,Week
2025-08-11,Rhyming Words,1,Day
2025-08-13,Rhyming Words,3016,Day
2025-08-14,Rhyming Words,1375,Day
2025-08-15,Rhyming Words,1949,Day
2025-08-16,Rhyming Words,1271,Day
2025-08-17,Rhyming Words,512,Day
2025-08-18,Rhyming Words,356,Day
2025-08-19,Rhyming Words,289,Day
2025-08-20,Rhyming Words,314,Day
2025-08-21,Rhyming Words,195,Day
2025-08-22,Rhyming Words,233,Day
2025-08-23,Rhyming Words,245,Day
2025-08-24,Rhyming Words,160,Day
2025-08-25,Rhyming Words,100,Day
2025-08-26,Rhyming Words,74,Day
2025-08-27,Rhyming Words,122,Day
2025-08-28,Rhyming Words,109,Day
2025-08-29,Rhyming Words,94,Day
2025-08-30,Rhyming Words,82,Day
2025-08-31,Rhyming Words,66,Day
2025-09-01,Rhyming Words,134,Day
2025-09-02,Rhyming Words,90,Day
2025-09-03,Rhyming Words,56,Day
2025-09-04,Rhyming Words,42,Day
2025-09-05,Rhyming Words,53,Day
2025-09-06,Rhyming Words,46,Day
2025-09-07,Rhyming Words,13,Day
2025-09-08,Rhyming Words,29,Day
2025-09-09,Rhyming Words,47,Day
2025-09-10,Rhyming Words,64,Day
2025-09-11,Rhyming Words,72,Day
2025-09-12,Rhyming Words,108,Day
2025-09-13,Rhyming Words,77,Day
2025-09-14,Rhyming Words,83,Day
2025-09-15,Rhyming Words,84,Day
2025-09-16,Rhyming Words,66,Day
2025-09-17,Rhyming Words,79,Day
2025-09-18,Rhyming Words,51,Day
2025-09-19,Rhyming Words,101,Day
2025-09-20,Rhyming Words,94,Day
2025-09-21,Rhyming Words,62,Day
2025-09-22,Rhyming Words,107,Day
2025-09-23,Rhyming Words,80,Day
2025-09-24,Rhyming Words,84,Day
2025-09-25,Rhyming Words,65,Day
2025-09-26,Rhyming Words,84,Day
2025-09-27,Rhyming Words,2091,Day
2025-09-28,Rhyming Words,990,Day
2025-09-29,Rhyming Words,1842,Day
2025-09-30,Rhyming Words,1243,Day
2025-10-01,Rhyming Words,532,Day
2025-10-02,Rhyming Words,141,Day
2025-10-03,Rhyming Words,121,Day
2025-10-04,Rhyming Words,106,Day
2025-10-05,Rhyming Words,78,Day
2025-10-06,Rhyming Words,73,Day
2025-10-07,Rhyming Words,89,Day
2025-10-08,Rhyming Words,78,Day
2025-10-09,Rhyming Words,58,Day
2025-10-10,Rhyming Words,76,Day
2025-10-11,Rhyming Words,49,Day
2025-10-12,Rhyming Words,28,Day
2025-10-13,Rhyming Words,32,Day
2025-10-14,Rhyming Words,37,Day
2025-10-15,Rhyming Words,52,Day
2025-10-16,Rhyming Words,37,Day
2025-10-17,Rhyming Words,54,Day
2025-10-18,Rhyming Words,39,Day
2025-10-19,Rhyming Words,32,Day
2025-10-20,Rhyming Words,32,Day
2025-10-21,Rhyming Words,39,Day
2025-10-22,Rhyming Words,48,Day
2025-10-23,Rhyming Words,40,Day
2025-10-24,Rhyming Words,36,Day
2025-10-25,Rhyming Words,36,Day
2025-10-26,Rhyming Words,29,Day
2025-10-27,Rhyming Words,36,Day
2025-10-28,Rhyming Words,47,Day
2025-10-29,Rhyming Words,42,Day
2025-10-30,Rhyming Words,27,Day
2025-10-31,Rhyming Words,36,Day
2025-11-01,Rhyming Words,30,Day
2025-11-02,Rhyming Words,17,Day
2025-11-03,Rhyming Words,4,Day
2025_08,Rhyming Words,10563,Month
2025_09,Rhyming Words,8037,Month
2025_10,Rhyming Words,2160,Month
2025_11,Rhyming Words,51,Month
2025_32,Rhyming Words,1,Week
2025_33,Rhyming Words,8768,Week
2025_34,Rhyming Words,1321,Week
2025_35,Rhyming Words,697,Week
2025_36,Rhyming Words,286,Week
2025_37,Rhyming Words,554,Week
2025_38,Rhyming Words,574,Week
2025_39,Rhyming Words,6399,Week
2025_40,Rhyming Words,1140,Week
2025_41,Rhyming Words,358,Week
2025_42,Rhyming Words,285,Week
2025_43,Rhyming Words,272,Week
2025_44,Rhyming Words,156,Week
2025-07-30,Shape Square,982,Day
2025-07-31,Shape Square,707,Day
2025-08-01,Shape Square,1129,Day
2025-08-02,Shape Square,602,Day
2025-08-03,Shape Square,143,Day
2025-08-04,Shape Square,106,Day
2025-08-05,Shape Square,51,Day
2025-08-06,Shape Square,188,Day
2025-08-07,Shape Square,164,Day
2025-08-08,Shape Square,319,Day
2025-08-09,Shape Square,200,Day
2025-08-10,Shape Square,148,Day
2025-08-11,Shape Square,51,Day
2025-08-12,Shape Square,171,Day
2025-08-13,Shape Square,276,Day
2025-08-14,Shape Square,145,Day
2025-08-15,Shape Square,185,Day
2025-08-16,Shape Square,226,Day
2025-08-17,Shape Square,151,Day
2025-08-18,Shape Square,169,Day
2025-08-19,Shape Square,171,Day
2025-08-20,Shape Square,218,Day
2025-08-21,Shape Square,143,Day
2025-08-22,Shape Square,187,Day
2025-08-23,Shape Square,203,Day
2025-08-24,Shape Square,158,Day
2025-08-25,Shape Square,102,Day
2025-08-26,Shape Square,59,Day
2025-08-27,Shape Square,105,Day
2025-08-28,Shape Square,85,Day
2025-08-29,Shape Square,69,Day
2025-08-30,Shape Square,62,Day
2025-08-31,Shape Square,47,Day
2025-09-01,Shape Square,85,Day
2025-09-02,Shape Square,67,Day
2025-09-03,Shape Square,34,Day
2025-09-04,Shape Square,29,Day
2025-09-05,Shape Square,30,Day
2025-09-06,Shape Square,31,Day
2025-09-07,Shape Square,12,Day
2025-09-08,Shape Square,22,Day
2025-09-09,Shape Square,29,Day
2025-09-10,Shape Square,49,Day
2025-09-11,Shape Square,56,Day
2025-09-12,Shape Square,55,Day
2025-09-13,Shape Square,79,Day
2025-09-14,Shape Square,69,Day
2025-09-15,Shape Square,86,Day
2025-09-16,Shape Square,72,Day
2025-09-17,Shape Square,92,Day
2025-09-18,Shape Square,84,Day
2025-09-19,Shape Square,134,Day
2025-09-20,Shape Square,101,Day
2025-09-21,Shape Square,64,Day
2025-09-22,Shape Square,131,Day
2025-09-23,Shape Square,45,Day
2025-09-24,Shape Square,93,Day
2025-09-25,Shape Square,57,Day
2025-09-26,Shape Square,83,Day
2025-09-27,Shape Square,88,Day
2025-09-28,Shape Square,49,Day
2025-09-29,Shape Square,60,Day
2025-09-30,Shape Square,64,Day
2025-10-01,Shape Square,41,Day
2025-10-02,Shape Square,35,Day
2025-10-03,Shape Square,36,Day
2025-10-04,Shape Square,33,Day
2025-10-05,Shape Square,17,Day
2025-10-06,Shape Square,28,Day
2025-10-07,Shape Square,19,Day
2025-10-08,Shape Square,63,Day
2025-10-09,Shape Square,52,Day
2025-10-10,Shape Square,79,Day
2025-10-11,Shape Square,50,Day
2025-10-12,Shape Square,22,Day
2025-10-13,Shape Square,18,Day
2025-10-14,Shape Square,37,Day
2025-10-15,Shape Square,47,Day
2025-10-16,Shape Square,44,Day
2025-10-17,Shape Square,40,Day
2025-10-18,Shape Square,50,Day
2025-10-19,Shape Square,18,Day
2025-10-20,Shape Square,45,Day
2025-10-21,Shape Square,41,Day
2025-10-22,Shape Square,32,Day
2025-10-23,Shape Square,27,Day
2025-10-24,Shape Square,49,Day
2025-10-25,Shape Square,40,Day
2025-10-26,Shape Square,30,Day
2025-10-27,Shape Square,50,Day
2025-10-28,Shape Square,35,Day
2025-10-29,Shape Square,36,Day
2025-10-30,Shape Square,43,Day
2025-10-31,Shape Square,48,Day
2025-11-01,Shape Square,47,Day
2025-11-02,Shape Square,30,Day
2025-11-03,Shape Square,4,Day
2025_07,Shape Square,1689,Month
2025_08,Shape Square,6033,Month
2025_09,Shape Square,1950,Month
2025_10,Shape Square,1205,Month
2025_11,Shape Square,81,Month
2025_31,Shape Square,3720,Week
2025_32,Shape Square,1241,Week
2025_33,Shape Square,1323,Week
2025_34,Shape Square,1070,Week
2025_35,Shape Square,520,Week
2025_36,Shape Square,187,Week
2025_37,Shape Square,466,Week
2025_38,Shape Square,651,Week
2025_39,Shape Square,494,Week
2025_40,Shape Square,209,Week
2025_41,Shape Square,321,Week
2025_42,Shape Square,285,Week
2025_43,Shape Square,263,Week
2025_44,Shape Square,208,Week
2025-08-05,Revision Colors,1,Day
2025-08-06,Revision Colors,3298,Day
2025-08-07,Revision Colors,1407,Day
2025-08-08,Revision Colors,2211,Day
2025-08-09,Revision Colors,910,Day
2025-08-10,Revision Colors,221,Day
2025-08-11,Revision Colors,132,Day
2025-08-12,Revision Colors,855,Day
2025-08-13,Revision Colors,369,Day
2025-08-14,Revision Colors,167,Day
2025-08-15,Revision Colors,116,Day
2025-08-16,Revision Colors,117,Day
2025-08-17,Revision Colors,87,Day
2025-08-18,Revision Colors,66,Day
2025-08-19,Revision Colors,141,Day
2025-08-20,Revision Colors,112,Day
2025-08-21,Revision Colors,73,Day
2025-08-22,Revision Colors,77,Day
2025-08-23,Revision Colors,98,Day
2025-08-24,Revision Colors,87,Day
2025-08-25,Revision Colors,53,Day
2025-08-26,Revision Colors,41,Day
2025-08-27,Revision Colors,51,Day
2025-08-28,Revision Colors,45,Day
2025-08-29,Revision Colors,35,Day
2025-08-30,Revision Colors,28,Day
2025-08-31,Revision Colors,31,Day
2025-09-01,Revision Colors,37,Day
2025-09-02,Revision Colors,54,Day
2025-09-03,Revision Colors,24,Day
2025-09-04,Revision Colors,21,Day
2025-09-05,Revision Colors,21,Day
2025-09-06,Revision Colors,14,Day
2025-09-07,Revision Colors,14,Day
2025-09-08,Revision Colors,11,Day
2025-09-09,Revision Colors,42,Day
2025-09-10,Revision Colors,43,Day
2025-09-11,Revision Colors,26,Day
2025-09-12,Revision Colors,23,Day
2025-09-13,Revision Colors,22,Day
2025-09-14,Revision Colors,38,Day
2025-09-15,Revision Colors,33,Day
2025-09-16,Revision Colors,44,Day
2025-09-17,Revision Colors,41,Day
2025-09-18,Revision Colors,22,Day
2025-09-19,Revision Colors,39,Day
2025-09-20,Revision Colors,44,Day
2025-09-21,Revision Colors,27,Day
2025-09-22,Revision Colors,43,Day
2025-09-23,Revision Colors,34,Day
2025-09-24,Revision Colors,41,Day
2025-09-25,Revision Colors,31,Day
2025-09-26,Revision Colors,39,Day
2025-09-27,Revision Colors,57,Day
2025-09-28,Revision Colors,29,Day
2025-09-29,Revision Colors,45,Day
2025-09-30,Revision Colors,58,Day
2025-10-01,Revision Colors,38,Day
2025-10-02,Revision Colors,21,Day
2025-10-03,Revision Colors,36,Day
2025-10-04,Revision Colors,35,Day
2025-10-05,Revision Colors,25,Day
2025-10-06,Revision Colors,34,Day
2025-10-07,Revision Colors,24,Day
2025-10-08,Revision Colors,42,Day
2025-10-09,Revision Colors,50,Day
2025-10-10,Revision Colors,62,Day
2025-10-11,Revision Colors,55,Day
2025-10-12,Revision Colors,24,Day
2025-10-13,Revision Colors,33,Day
2025-10-14,Revision Colors,45,Day
2025-10-15,Revision Colors,40,Day
2025-10-16,Revision Colors,27,Day
2025-10-17,Revision Colors,47,Day
2025-10-18,Revision Colors,30,Day
2025-10-19,Revision Colors,34,Day
2025-10-20,Revision Colors,21,Day
2025-10-21,Revision Colors,23,Day
2025-10-22,Revision Colors,29,Day
2025-10-23,Revision Colors,27,Day
2025-10-24,Revision Colors,28,Day
2025-10-25,Revision Colors,18,Day
2025-10-26,Revision Colors,15,Day
2025-10-27,Revision Colors,31,Day
2025-10-28,Revision Colors,32,Day
2025-10-29,Revision Colors,21,Day
2025-10-30,Revision Colors,18,Day
2025-10-31,Revision Colors,16,Day
2025-11-01,Revision Colors,28,Day
2025-11-02,Revision Colors,14,Day
2025-11-03,Revision Colors,3,Day
2025_08,Revision Colors,10829,Month
2025_09,Revision Colors,1017,Month
2025_10,Revision Colors,981,Month
2025_11,Revision Colors,45,Month
2025_31,Revision Colors,1,Week
2025_32,Revision Colors,9034,Week
2025_33,Revision Colors,1063,Week
2025_34,Revision Colors,541,Week
2025_35,Revision Colors,281,Week
2025_36,Revision Colors,147,Week
2025_37,Revision Colors,229,Week
2025_38,Revision Colors,250,Week
2025_39,Revision Colors,300,Week
2025_40,Revision Colors,213,Week
2025_41,Revision Colors,311,Week
2025_42,Revision Colors,222,Week
2025_43,Revision Colors,180,Week
2025_44,Revision Colors,100,Week
2025-08-06,Revision Shapes,440,Day
2025-08-07,Revision Shapes,273,Day
2025-08-08,Revision Shapes,1023,Day
2025-08-09,Revision Shapes,2097,Day
2025-08-10,Revision Shapes,1098,Day
2025-08-11,Revision Shapes,394,Day
2025-08-12,Revision Shapes,480,Day
2025-08-13,Revision Shapes,384,Day
2025-08-14,Revision Shapes,138,Day
2025-08-15,Revision Shapes,147,Day
2025-08-16,Revision Shapes,170,Day
2025-08-17,Revision Shapes,99,Day
2025-08-18,Revision Shapes,89,Day
2025-08-19,Revision Shapes,72,Day
2025-08-20,Revision Shapes,77,Day
2025-08-21,Revision Shapes,47,Day
2025-08-22,Revision Shapes,64,Day
2025-08-23,Revision Shapes,80,Day
2025-08-24,Revision Shapes,65,Day
2025-08-25,Revision Shapes,40,Day
2025-08-26,Revision Shapes,28,Day
2025-08-27,Revision Shapes,34,Day
2025-08-28,Revision Shapes,48,Day
2025-08-29,Revision Shapes,29,Day
2025-08-30,Revision Shapes,26,Day
2025-08-31,Revision Shapes,20,Day
2025-09-01,Revision Shapes,44,Day
2025-09-02,Revision Shapes,35,Day
2025-09-03,Revision Shapes,12,Day
2025-09-04,Revision Shapes,13,Day
2025-09-05,Revision Shapes,26,Day
2025-09-06,Revision Shapes,11,Day
2025-09-07,Revision Shapes,6,Day
2025-09-08,Revision Shapes,4,Day
2025-09-09,Revision Shapes,16,Day
2025-09-10,Revision Shapes,20,Day
2025-09-11,Revision Shapes,23,Day
2025-09-12,Revision Shapes,20,Day
2025-09-13,Revision Shapes,29,Day
2025-09-14,Revision Shapes,32,Day
2025-09-15,Revision Shapes,17,Day
2025-09-16,Revision Shapes,28,Day
2025-09-17,Revision Shapes,21,Day
2025-09-18,Revision Shapes,17,Day
2025-09-19,Revision Shapes,27,Day
2025-09-20,Revision Shapes,31,Day
2025-09-21,Revision Shapes,20,Day
2025-09-22,Revision Shapes,35,Day
2025-09-23,Revision Shapes,27,Day
2025-09-24,Revision Shapes,21,Day
2025-09-25,Revision Shapes,17,Day
2025-09-26,Revision Shapes,24,Day
2025-09-27,Revision Shapes,81,Day
2025-09-28,Revision Shapes,65,Day
2025-09-29,Revision Shapes,95,Day
2025-09-30,Revision Shapes,82,Day
2025-10-01,Revision Shapes,70,Day
2025-10-02,Revision Shapes,20,Day
2025-10-03,Revision Shapes,27,Day
2025-10-04,Revision Shapes,23,Day
2025-10-05,Revision Shapes,17,Day
2025-10-06,Revision Shapes,22,Day
2025-10-07,Revision Shapes,18,Day
2025-10-08,Revision Shapes,32,Day
2025-10-09,Revision Shapes,40,Day
2025-10-10,Revision Shapes,38,Day
2025-10-11,Revision Shapes,38,Day
2025-10-12,Revision Shapes,12,Day
2025-10-13,Revision Shapes,24,Day
2025-10-14,Revision Shapes,21,Day
2025-10-15,Revision Shapes,31,Day
2025-10-16,Revision Shapes,15,Day
2025-10-17,Revision Shapes,23,Day
2025-10-18,Revision Shapes,22,Day
2025-10-19,Revision Shapes,24,Day
2025-10-20,Revision Shapes,16,Day
2025-10-21,Revision Shapes,15,Day
2025-10-22,Revision Shapes,12,Day
2025-10-23,Revision Shapes,14,Day
2025-10-24,Revision Shapes,17,Day
2025-10-25,Revision Shapes,12,Day
2025-10-26,Revision Shapes,9,Day
2025-10-27,Revision Shapes,13,Day
2025-10-28,Revision Shapes,13,Day
2025-10-29,Revision Shapes,15,Day
2025-10-30,Revision Shapes,13,Day
2025-10-31,Revision Shapes,15,Day
2025-11-01,Revision Shapes,8,Day
2025-11-02,Revision Shapes,11,Day
2025_08,Revision Shapes,7462,Month
2025_09,Revision Shapes,899,Month
2025_10,Revision Shapes,681,Month
2025_11,Revision Shapes,19,Month
2025_32,Revision Shapes,5805,Week
2025_33,Revision Shapes,1099,Week
2025_34,Revision Shapes,401,Week
2025_35,Revision Shapes,236,Week
2025_36,Revision Shapes,88,Week
2025_37,Revision Shapes,169,Week
2025_38,Revision Shapes,178,Week
2025_39,Revision Shapes,385,Week
2025_40,Revision Shapes,197,Week
2025_41,Revision Shapes,205,Week
2025_42,Revision Shapes,146,Week
2025_43,Revision Shapes,90,Week
2025_44,Revision Shapes,62,Week
2025-08-22,Beginning Sounds Ma/Ka/La,460,Day
2025-08-23,Beginning Sounds Ma/Ka/La,6430,Day
2025-08-24,Beginning Sounds Ma/Ka/La,2708,Day
2025-08-25,Beginning Sounds Ma/Ka/La,1061,Day
2025-08-26,Beginning Sounds Ma/Ka/La,554,Day
2025-08-27,Beginning Sounds Ma/Ka/La,483,Day
2025-08-28,Beginning Sounds Ma/Ka/La,266,Day
2025-08-29,Beginning Sounds Ma/Ka/La,267,Day
2025-08-30,Beginning Sounds Ma/Ka/La,216,Day
2025-08-31,Beginning Sounds Ma/Ka/La,146,Day
2025-09-01,Beginning Sounds Ma/Ka/La,267,Day
2025-09-02,Beginning Sounds Ma/Ka/La,172,Day
2025-09-03,Beginning Sounds Ma/Ka/La,87,Day
2025-09-04,Beginning Sounds Ma/Ka/La,105,Day
2025-09-05,Beginning Sounds Ma/Ka/La,107,Day
2025-09-06,Beginning Sounds Ma/Ka/La,37,Day
2025-09-07,Beginning Sounds Ma/Ka/La,31,Day
2025-09-08,Beginning Sounds Ma/Ka/La,72,Day
2025-09-09,Beginning Sounds Ma/Ka/La,111,Day
2025-09-10,Beginning Sounds Ma/Ka/La,165,Day
2025-09-11,Beginning Sounds Ma/Ka/La,152,Day
2025-09-12,Beginning Sounds Ma/Ka/La,455,Day
2025-09-13,Beginning Sounds Ma/Ka/La,3616,Day
2025-09-14,Beginning Sounds Ma/Ka/La,1619,Day
2025-09-15,Beginning Sounds Ma/Ka/La,2717,Day
2025-09-16,Beginning Sounds Ma/Ka/La,3365,Day
2025-09-17,Beginning Sounds Ma/Ka/La,1340,Day
2025-09-18,Beginning Sounds Ma/Ka/La,572,Day
2025-09-19,Beginning Sounds Ma/Ka/La,446,Day
2025-09-20,Beginning Sounds Ma/Ka/La,286,Day
2025-09-21,Beginning Sounds Ma/Ka/La,232,Day
2025-09-22,Beginning Sounds Ma/Ka/La,174,Day
2025-09-23,Beginning Sounds Ma/Ka/La,181,Day
2025-09-24,Beginning Sounds Ma/Ka/La,217,Day
2025-09-25,Beginning Sounds Ma/Ka/La,165,Day
2025-09-26,Beginning Sounds Ma/Ka/La,165,Day
2025-09-27,Beginning Sounds Ma/Ka/La,236,Day
2025-09-28,Beginning Sounds Ma/Ka/La,115,Day
2025-09-29,Beginning Sounds Ma/Ka/La,158,Day
2025-09-30,Beginning Sounds Ma/Ka/La,136,Day
2025-10-01,Beginning Sounds Ma/Ka/La,156,Day
2025-10-02,Beginning Sounds Ma/Ka/La,80,Day
2025-10-03,Beginning Sounds Ma/Ka/La,106,Day
2025-10-04,Beginning Sounds Ma/Ka/La,103,Day
2025-10-05,Beginning Sounds Ma/Ka/La,87,Day
2025-10-06,Beginning Sounds Ma/Ka/La,123,Day
2025-10-07,Beginning Sounds Ma/Ka/La,153,Day
2025-10-08,Beginning Sounds Ma/Ka/La,637,Day
2025-10-09,Beginning Sounds Ma/Ka/La,414,Day
2025-10-10,Beginning Sounds Ma/Ka/La,735,Day
2025-10-11,Beginning Sounds Ma/Ka/La,428,Day
2025-10-12,Beginning Sounds Ma/Ka/La,117,Day
2025-10-13,Beginning Sounds Ma/Ka/La,108,Day
2025-10-14,Beginning Sounds Ma/Ka/La,234,Day
2025-10-15,Beginning Sounds Ma/Ka/La,152,Day
2025-10-16,Beginning Sounds Ma/Ka/La,94,Day
2025-10-17,Beginning Sounds Ma/Ka/La,95,Day
2025-10-18,Beginning Sounds Ma/Ka/La,82,Day
2025-10-19,Beginning Sounds Ma/Ka/La,54,Day
2025-10-20,Beginning Sounds Ma/Ka/La,51,Day
2025-10-21,Beginning Sounds Ma/Ka/La,60,Day
2025-10-22,Beginning Sounds Ma/Ka/La,66,Day
2025-10-23,Beginning Sounds Ma/Ka/La,38,Day
2025-10-24,Beginning Sounds Ma/Ka/La,49,Day
2025-10-25,Beginning Sounds Ma/Ka/La,40,Day
2025-10-26,Beginning Sounds Ma/Ka/La,25,Day
2025-10-27,Beginning Sounds Ma/Ka/La,59,Day
2025-10-28,Beginning Sounds Ma/Ka/La,62,Day
2025-10-29,Beginning Sounds Ma/Ka/La,46,Day
2025-10-30,Beginning Sounds Ma/Ka/La,39,Day
2025-10-31,Beginning Sounds Ma/Ka/La,82,Day
2025-11-01,Beginning Sounds Ma/Ka/La,56,Day
2025-11-02,Beginning Sounds Ma/Ka/La,35,Day
2025-11-03,Beginning Sounds Ma/Ka/La,5,Day
2025_08,Beginning Sounds Ma/Ka/La,12591,Month
2025_09,Beginning Sounds Ma/Ka/La,17501,Month
2025_10,Beginning Sounds Ma/Ka/La,4575,Month
2025_11,Beginning Sounds Ma/Ka/La,96,Month
2025_34,Beginning Sounds Ma/Ka/La,11213,Week
2025_35,Beginning Sounds Ma/Ka/La,1817,Week
2025_36,Beginning Sounds Ma/Ka/La,550,Week
2025_37,Beginning Sounds Ma/Ka/La,12089,Week
2025_38,Beginning Sounds Ma/Ka/La,3231,Week
2025_39,Beginning Sounds Ma/Ka/La,1192,Week
2025_40,Beginning Sounds Ma/Ka/La,808,Week
2025_41,Beginning Sounds Ma/Ka/La,2673,Week
2025_42,Beginning Sounds Ma/Ka/La,588,Week
2025_43,Beginning Sounds Ma/Ka/La,339,Week
2025_44,Beginning Sounds Ma/Ka/La,263,Week
2025-08-26,Primary Emotion Labelling,1,Day
2025-09-02,Primary Emotion Labelling,1,Day
2025-09-03,Primary Emotion Labelling,85,Day
2025-09-04,Primary Emotion Labelling,46,Day
2025-09-05,Primary Emotion Labelling,44,Day
2025-09-06,Primary Emotion Labelling,28,Day
2025-09-07,Primary Emotion Labelling,8,Day
2025-09-08,Primary Emotion Labelling,13,Day
2025-09-09,Primary Emotion Labelling,47,Day
2025-09-10,Primary Emotion Labelling,42,Day
2025-09-11,Primary Emotion Labelling,3305,Day
2025-09-12,Primary Emotion Labelling,1341,Day
2025-09-13,Primary Emotion Labelling,325,Day
2025-09-14,Primary Emotion Labelling,166,Day
2025-09-15,Primary Emotion Labelling,107,Day
2025-09-16,Primary Emotion Labelling,91,Day
2025-09-17,Primary Emotion Labelling,62,Day
2025-09-18,Primary Emotion Labelling,39,Day
2025-09-19,Primary Emotion Labelling,40,Day
2025-09-20,Primary Emotion Labelling,51,Day
2025-09-21,Primary Emotion Labelling,41,Day
2025-09-22,Primary Emotion Labelling,43,Day
2025-09-23,Primary Emotion Labelling,31,Day
2025-09-24,Primary Emotion Labelling,47,Day
2025-09-25,Primary Emotion Labelling,38,Day
2025-09-26,Primary Emotion Labelling,47,Day
2025-09-27,Primary Emotion Labelling,59,Day
2025-09-28,Primary Emotion Labelling,41,Day
2025-09-29,Primary Emotion Labelling,56,Day
2025-09-30,Primary Emotion Labelling,47,Day
2025-10-01,Primary Emotion Labelling,31,Day
2025-10-02,Primary Emotion Labelling,24,Day
2025-10-03,Primary Emotion Labelling,31,Day
2025-10-04,Primary Emotion Labelling,40,Day
2025-10-05,Primary Emotion Labelling,23,Day
2025-10-06,Primary Emotion Labelling,33,Day
2025-10-07,Primary Emotion Labelling,28,Day
2025-10-08,Primary Emotion Labelling,33,Day
2025-10-09,Primary Emotion Labelling,41,Day
2025-10-10,Primary Emotion Labelling,48,Day
2025-10-11,Primary Emotion Labelling,60,Day
2025-10-12,Primary Emotion Labelling,24,Day
2025-10-13,Primary Emotion Labelling,26,Day
2025-10-14,Primary Emotion Labelling,19,Day
2025-10-15,Primary Emotion Labelling,30,Day
2025-10-16,Primary Emotion Labelling,17,Day
2025-10-17,Primary Emotion Labelling,21,Day
2025-10-18,Primary Emotion Labelling,15,Day
2025-10-19,Primary Emotion Labelling,12,Day
2025-10-20,Primary Emotion Labelling,17,Day
2025-10-21,Primary Emotion Labelling,18,Day
2025-10-22,Primary Emotion Labelling,22,Day
2025-10-23,Primary Emotion Labelling,15,Day
2025-10-24,Primary Emotion Labelling,25,Day
2025-10-25,Primary Emotion Labelling,15,Day
2025-10-26,Primary Emotion Labelling,9,Day
2025-10-27,Primary Emotion Labelling,17,Day
2025-10-28,Primary Emotion Labelling,16,Day
2025-10-29,Primary Emotion Labelling,15,Day
2025-10-30,Primary Emotion Labelling,18,Day
2025-10-31,Primary Emotion Labelling,26,Day
2025-11-01,Primary Emotion Labelling,20,Day
2025-11-02,Primary Emotion Labelling,13,Day
2025-11-03,Primary Emotion Labelling,3,Day
2025_08,Primary Emotion Labelling,1,Month
2025_09,Primary Emotion Labelling,6291,Month
2025_10,Primary Emotion Labelling,769,Month
2025_11,Primary Emotion Labelling,36,Month
2025_34,Primary Emotion Labelling,1,Week
2025_35,Primary Emotion Labelling,1,Week
2025_36,Primary Emotion Labelling,271,Week
2025_37,Primary Emotion Labelling,5377,Week
2025_38,Primary Emotion Labelling,307,Week
2025_39,Primary Emotion Labelling,335,Week
2025_40,Primary Emotion Labelling,210,Week
2025_41,Primary Emotion Labelling,251,Week
2025_42,Primary Emotion Labelling,130,Week
2025_43,Primary Emotion Labelling,119,Week
2025_44,Primary Emotion Labelling,95,Week
2025-08-26,Identification of all emotions,4,Day
2025-09-03,Identification of all emotions,636,Day
2025-09-04,Identification of all emotions,245,Day
2025-09-05,Identification of all emotions,161,Day
2025-09-06,Identification of all emotions,92,Day
2025-09-07,Identification of all emotions,46,Day
2025-09-08,Identification of all emotions,45,Day
2025-09-09,Identification of all emotions,49,Day
2025-09-10,Identification of all emotions,58,Day
2025-09-11,Identification of all emotions,81,Day
2025-09-12,Identification of all emotions,59,Day
2025-09-13,Identification of all emotions,66,Day
2025-09-14,Identification of all emotions,3092,Day
2025-09-15,Identification of all emotions,1378,Day
2025-09-16,Identification of all emotions,238,Day
2025-09-17,Identification of all emotions,144,Day
2025-09-18,Identification of all emotions,85,Day
2025-09-19,Identification of all emotions,79,Day
2025-09-20,Identification of all emotions,71,Day
2025-09-21,Identification of all emotions,75,Day
2025-09-22,Identification of all emotions,47,Day
2025-09-23,Identification of all emotions,46,Day
2025-09-24,Identification of all emotions,41,Day
2025-09-25,Identification of all emotions,49,Day
2025-09-26,Identification of all emotions,49,Day
2025-09-27,Identification of all emotions,66,Day
2025-09-28,Identification of all emotions,41,Day
2025-09-29,Identification of all emotions,59,Day
2025-09-30,Identification of all emotions,51,Day
2025-10-01,Identification of all emotions,45,Day
2025-10-02,Identification of all emotions,17,Day
2025-10-03,Identification of all emotions,37,Day
2025-10-04,Identification of all emotions,41,Day
2025-10-05,Identification of all emotions,29,Day
2025-10-06,Identification of all emotions,34,Day
2025-10-07,Identification of all emotions,34,Day
2025-10-08,Identification of all emotions,55,Day
2025-10-09,Identification of all emotions,56,Day
2025-10-10,Identification of all emotions,47,Day
2025-10-11,Identification of all emotions,30,Day
2025-10-12,Identification of all emotions,24,Day
2025-10-13,Identification of all emotions,29,Day
2025-10-14,Identification of all emotions,28,Day
2025-10-15,Identification of all emotions,35,Day
2025-10-16,Identification of all emotions,18,Day
2025-10-17,Identification of all emotions,29,Day
2025-10-18,Identification of all emotions,19,Day
2025-10-19,Identification of all emotions,14,Day
2025-10-20,Identification of all emotions,14,Day
2025-10-21,Identification of all emotions,16,Day
2025-10-22,Identification of all emotions,1598,Day
2025-10-23,Identification of all emotions,991,Day
2025-10-24,Identification of all emotions,1523,Day
2025-10-25,Identification of all emotions,836,Day
2025-10-26,Identification of all emotions,211,Day
2025-10-27,Identification of all emotions,137,Day
2025-10-28,Identification of all emotions,82,Day
2025-10-29,Identification of all emotions,76,Day
2025-10-30,Identification of all emotions,57,Day
2025-10-31,Identification of all emotions,57,Day
2025-11-01,Identification of all emotions,19,Day
2025-11-02,Identification of all emotions,23,Day
2025-11-03,Identification of all emotions,1,Day
2025_08,Identification of all emotions,4,Month
2025_09,Identification of all emotions,7149,Month
2025_10,Identification of all emotions,6219,Month
2025_11,Identification of all emotions,43,Month
2025_34,Identification of all emotions,4,Week
2025_36,Identification of all emotions,1274,Week
2025_37,Identification of all emotions,4972,Week
2025_38,Identification of all emotions,547,Week
2025_39,Identification of all emotions,356,Week
2025_40,Identification of all emotions,237,Week
2025_41,Identification of all emotions,269,Week
2025_42,Identification of all emotions,145,Week
2025_43,Identification of all emotions,5378,Week
2025_44,Identification of all emotions,233,Week
2025-09-02,Beginning Sounds Pa/Cha/Sa,77,Day
2025-09-03,Beginning Sounds Pa/Cha/Sa,105,Day
2025-09-04,Beginning Sounds Pa/Cha/Sa,78,Day
2025-09-05,Beginning Sounds Pa/Cha/Sa,277,Day
2025-09-06,Beginning Sounds Pa/Cha/Sa,171,Day
2025-09-07,Beginning Sounds Pa/Cha/Sa,38,Day
2025-09-08,Beginning Sounds Pa/Cha/Sa,63,Day
2025-09-09,Beginning Sounds Pa/Cha/Sa,79,Day
2025-09-10,Beginning Sounds Pa/Cha/Sa,3319,Day
2025-09-11,Beginning Sounds Pa/Cha/Sa,1493,Day
2025-09-12,Beginning Sounds Pa/Cha/Sa,2440,Day
2025-09-13,Beginning Sounds Pa/Cha/Sa,1238,Day
2025-09-14,Beginning Sounds Pa/Cha/Sa,301,Day
2025-09-15,Beginning Sounds Pa/Cha/Sa,192,Day
2025-09-16,Beginning Sounds Pa/Cha/Sa,140,Day
2025-09-17,Beginning Sounds Pa/Cha/Sa,114,Day
2025-09-18,Beginning Sounds Pa/Cha/Sa,89,Day
2025-09-19,Beginning Sounds Pa/Cha/Sa,169,Day
2025-09-20,Beginning Sounds Pa/Cha/Sa,235,Day
2025-09-21,Beginning Sounds Pa/Cha/Sa,137,Day
2025-09-22,Beginning Sounds Pa/Cha/Sa,306,Day
2025-09-23,Beginning Sounds Pa/Cha/Sa,175,Day
2025-09-24,Beginning Sounds Pa/Cha/Sa,3031,Day
2025-09-25,Beginning Sounds Pa/Cha/Sa,1495,Day
2025-09-26,Beginning Sounds Pa/Cha/Sa,2033,Day
2025-09-27,Beginning Sounds Pa/Cha/Sa,948,Day
2025-09-28,Beginning Sounds Pa/Cha/Sa,193,Day
2025-09-29,Beginning Sounds Pa/Cha/Sa,124,Day
2025-09-30,Beginning Sounds Pa/Cha/Sa,587,Day
2025-10-01,Beginning Sounds Pa/Cha/Sa,540,Day
2025-10-02,Beginning Sounds Pa/Cha/Sa,214,Day
2025-10-03,Beginning Sounds Pa/Cha/Sa,462,Day
2025-10-04,Beginning Sounds Pa/Cha/Sa,308,Day
2025-10-05,Beginning Sounds Pa/Cha/Sa,157,Day
2025-10-06,Beginning Sounds Pa/Cha/Sa,231,Day
2025-10-07,Beginning Sounds Pa/Cha/Sa,308,Day
2025-10-08,Beginning Sounds Pa/Cha/Sa,151,Day
2025-10-09,Beginning Sounds Pa/Cha/Sa,87,Day
2025-10-10,Beginning Sounds Pa/Cha/Sa,64,Day
2025-10-11,Beginning Sounds Pa/Cha/Sa,94,Day
2025-10-12,Beginning Sounds Pa/Cha/Sa,72,Day
2025-10-13,Beginning Sounds Pa/Cha/Sa,107,Day
2025-10-14,Beginning Sounds Pa/Cha/Sa,128,Day
2025-10-15,Beginning Sounds Pa/Cha/Sa,92,Day
2025-10-16,Beginning Sounds Pa/Cha/Sa,42,Day
2025-10-17,Beginning Sounds Pa/Cha/Sa,49,Day
2025-10-18,Beginning Sounds Pa/Cha/Sa,47,Day
2025-10-19,Beginning Sounds Pa/Cha/Sa,22,Day
2025-10-20,Beginning Sounds Pa/Cha/Sa,19,Day
2025-10-21,Beginning Sounds Pa/Cha/Sa,27,Day
2025-10-22,Beginning Sounds Pa/Cha/Sa,22,Day
2025-10-23,Beginning Sounds Pa/Cha/Sa,20,Day
2025-10-24,Beginning Sounds Pa/Cha/Sa,23,Day
2025-10-25,Beginning Sounds Pa/Cha/Sa,23,Day
2025-10-26,Beginning Sounds Pa/Cha/Sa,19,Day
2025-10-27,Beginning Sounds Pa/Cha/Sa,26,Day
2025-10-28,Beginning Sounds Pa/Cha/Sa,30,Day
2025-10-29,Beginning Sounds Pa/Cha/Sa,19,Day
2025-10-30,Beginning Sounds Pa/Cha/Sa,22,Day
2025-10-31,Beginning Sounds Pa/Cha/Sa,15,Day
2025-11-01,Beginning Sounds Pa/Cha/Sa,26,Day
2025-11-02,Beginning Sounds Pa/Cha/Sa,10,Day
2025-11-03,Beginning Sounds Pa/Cha/Sa,1,Day
2025_09,Beginning Sounds Pa/Cha/Sa,19647,Month
2025_10,Beginning Sounds Pa/Cha/Sa,3440,Month
2025_11,Beginning Sounds Pa/Cha/Sa,37,Month
2025_35,Beginning Sounds Pa/Cha/Sa,77,Week
2025_36,Beginning Sounds Pa/Cha/Sa,811,Week
2025_37,Beginning Sounds Pa/Cha/Sa,9123,Week
2025_38,Beginning Sounds Pa/Cha/Sa,1225,Week
2025_39,Beginning Sounds Pa/Cha/Sa,8411,Week
2025_40,Beginning Sounds Pa/Cha/Sa,2220,Week
2025_41,Beginning Sounds Pa/Cha/Sa,703,Week
2025_42,Beginning Sounds Pa/Cha/Sa,298,Week
2025_43,Beginning Sounds Pa/Cha/Sa,163,Week
2025_44,Beginning Sounds Pa/Cha/Sa,93,Week
2025-09-02,Shape Rectangle,139,Day
2025-09-03,Shape Rectangle,5898,Day
2025-09-04,Shape Rectangle,2966,Day
2025-09-05,Shape Rectangle,4044,Day
2025-09-06,Shape Rectangle,1852,Day
2025-09-07,Shape Rectangle,367,Day
2025-09-08,Shape Rectangle,274,Day
2025-09-09,Shape Rectangle,223,Day
2025-09-10,Shape Rectangle,177,Day
2025-09-11,Shape Rectangle,175,Day
2025-09-12,Shape Rectangle,104,Day
2025-09-13,Shape Rectangle,82,Day
2025-09-14,Shape Rectangle,81,Day
2025-09-15,Shape Rectangle,86,Day
2025-09-16,Shape Rectangle,68,Day
2025-09-17,Shape Rectangle,79,Day
2025-09-18,Shape Rectangle,58,Day
2025-09-19,Shape Rectangle,68,Day
2025-09-20,Shape Rectangle,45,Day
2025-09-21,Shape Rectangle,54,Day
2025-09-22,Shape Rectangle,78,Day
2025-09-23,Shape Rectangle,52,Day
2025-09-24,Shape Rectangle,30,Day
2025-09-25,Shape Rectangle,77,Day
2025-09-26,Shape Rectangle,92,Day
2025-09-27,Shape Rectangle,65,Day
2025-09-28,Shape Rectangle,53,Day
2025-09-29,Shape Rectangle,41,Day
2025-09-30,Shape Rectangle,67,Day
2025-10-01,Shape Rectangle,120,Day
2025-10-02,Shape Rectangle,79,Day
2025-10-03,Shape Rectangle,128,Day
2025-10-04,Shape Rectangle,180,Day
2025-10-05,Shape Rectangle,79,Day
2025-10-06,Shape Rectangle,135,Day
2025-10-07,Shape Rectangle,142,Day
2025-10-08,Shape Rectangle,97,Day
2025-10-09,Shape Rectangle,72,Day
2025-10-10,Shape Rectangle,78,Day
2025-10-11,Shape Rectangle,83,Day
2025-10-12,Shape Rectangle,39,Day
2025-10-13,Shape Rectangle,62,Day
2025-10-14,Shape Rectangle,66,Day
2025-10-15,Shape Rectangle,87,Day
2025-10-16,Shape Rectangle,44,Day
2025-10-17,Shape Rectangle,71,Day
2025-10-18,Shape Rectangle,48,Day
2025-10-19,Shape Rectangle,36,Day
2025-10-20,Shape Rectangle,31,Day
2025-10-21,Shape Rectangle,31,Day
2025-10-22,Shape Rectangle,34,Day
2025-10-23,Shape Rectangle,25,Day
2025-10-24,Shape Rectangle,33,Day
2025-10-25,Shape Rectangle,48,Day
2025-10-26,Shape Rectangle,18,Day
2025-10-27,Shape Rectangle,29,Day
2025-10-28,Shape Rectangle,37,Day
2025-10-29,Shape Rectangle,38,Day
2025-10-30,Shape Rectangle,28,Day
2025-10-31,Shape Rectangle,38,Day
2025-11-01,Shape Rectangle,23,Day
2025-11-02,Shape Rectangle,34,Day
2025-11-03,Shape Rectangle,2,Day
2025_09,Shape Rectangle,17395,Month
2025_10,Shape Rectangle,2036,Month
2025_11,Shape Rectangle,59,Month
2025_35,Shape Rectangle,139,Week
2025_36,Shape Rectangle,15624,Week
2025_37,Shape Rectangle,773,Week
2025_38,Shape Rectangle,434,Week
2025_39,Shape Rectangle,425,Week
2025_40,Shape Rectangle,863,Week
2025_41,Shape Rectangle,497,Week
2025_42,Shape Rectangle,348,Week
2025_43,Shape Rectangle,224,Week
2025_44,Shape Rectangle,163,Week
2025-09-02,Numerals 1-10,34,Day
2025-09-03,Numerals 1-10,233,Day
2025-09-04,Numerals 1-10,253,Day
2025-09-05,Numerals 1-10,376,Day
2025-09-06,Numerals 1-10,233,Day
2025-09-07,Numerals 1-10,65,Day
2025-09-08,Numerals 1-10,4503,Day
2025-09-09,Numerals 1-10,4349,Day
2025-09-10,Numerals 1-10,1308,Day
2025-09-11,Numerals 1-10,444,Day
2025-09-12,Numerals 1-10,293,Day
2025-09-13,Numerals 1-10,211,Day
2025-09-14,Numerals 1-10,191,Day
2025-09-15,Numerals 1-10,168,Day
2025-09-16,Numerals 1-10,274,Day
2025-09-17,Numerals 1-10,191,Day
2025-09-18,Numerals 1-10,76,Day
2025-09-19,Numerals 1-10,81,Day
2025-09-20,Numerals 1-10,84,Day
2025-09-21,Numerals 1-10,46,Day
2025-09-22,Numerals 1-10,99,Day
2025-09-23,Numerals 1-10,71,Day
2025-09-24,Numerals 1-10,101,Day
2025-09-25,Numerals 1-10,100,Day
2025-09-26,Numerals 1-10,74,Day
2025-09-27,Numerals 1-10,76,Day
2025-09-28,Numerals 1-10,49,Day
2025-09-29,Numerals 1-10,54,Day
2025-09-30,Numerals 1-10,90,Day
2025-10-01,Numerals 1-10,142,Day
2025-10-02,Numerals 1-10,111,Day
2025-10-03,Numerals 1-10,175,Day
2025-10-04,Numerals 1-10,207,Day
2025-10-05,Numerals 1-10,187,Day
2025-10-06,Numerals 1-10,230,Day
2025-10-07,Numerals 1-10,235,Day
2025-10-08,Numerals 1-10,224,Day
2025-10-09,Numerals 1-10,85,Day
2025-10-10,Numerals 1-10,65,Day
2025-10-11,Numerals 1-10,144,Day
2025-10-12,Numerals 1-10,80,Day
2025-10-13,Numerals 1-10,142,Day
2025-10-14,Numerals 1-10,151,Day
2025-10-15,Numerals 1-10,145,Day
2025-10-16,Numerals 1-10,67,Day
2025-10-17,Numerals 1-10,66,Day
2025-10-18,Numerals 1-10,71,Day
2025-10-19,Numerals 1-10,48,Day
2025-10-20,Numerals 1-10,34,Day
2025-10-21,Numerals 1-10,33,Day
2025-10-22,Numerals 1-10,43,Day
2025-10-23,Numerals 1-10,44,Day
2025-10-24,Numerals 1-10,23,Day
2025-10-25,Numerals 1-10,40,Day
2025-10-26,Numerals 1-10,14,Day
2025-10-27,Numerals 1-10,32,Day
2025-10-28,Numerals 1-10,39,Day
2025-10-29,Numerals 1-10,58,Day
2025-10-30,Numerals 1-10,19,Day
2025-10-31,Numerals 1-10,37,Day
2025-11-01,Numerals 1-10,52,Day
2025-11-02,Numerals 1-10,35,Day
2025-11-03,Numerals 1-10,3,Day
2025_09,Numerals 1-10,14127,Month
2025_10,Numerals 1-10,2991,Month
2025_11,Numerals 1-10,90,Month
2025_35,Numerals 1-10,34,Week
2025_36,Numerals 1-10,10012,Week
2025_37,Numerals 1-10,2889,Week
2025_38,Numerals 1-10,648,Week
2025_39,Numerals 1-10,544,Week
2025_40,Numerals 1-10,1287,Week
2025_41,Numerals 1-10,891,Week
2025_42,Numerals 1-10,464,Week
2025_43,Numerals 1-10,235,Week
2025_44,Numerals 1-10,204,Week
2025-09-26,Emotion Identification,171,Day
2025-09-27,Emotion Identification,311,Day
2025-09-28,Emotion Identification,157,Day
2025-09-29,Emotion Identification,301,Day
2025-09-30,Emotion Identification,218,Day
2025-10-01,Emotion Identification,758,Day
2025-10-02,Emotion Identification,400,Day
2025-10-03,Emotion Identification,828,Day
2025-10-04,Emotion Identification,2306,Day
2025-10-05,Emotion Identification,1121,Day
2025-10-06,Emotion Identification,2879,Day
2025-10-07,Emotion Identification,2631,Day
2025-10-08,Emotion Identification,992,Day
2025-10-09,Emotion Identification,330,Day
2025-10-10,Emotion Identification,242,Day
2025-10-11,Emotion Identification,362,Day
2025-10-12,Emotion Identification,276,Day
2025-10-13,Emotion Identification,382,Day
2025-10-14,Emotion Identification,440,Day
2025-10-15,Emotion Identification,234,Day
2025-10-16,Emotion Identification,103,Day
2025-10-17,Emotion Identification,100,Day
2025-10-18,Emotion Identification,72,Day
2025-10-19,Emotion Identification,53,Day
2025-10-20,Emotion Identification,54,Day
2025-10-21,Emotion Identification,47,Day
2025-10-22,Emotion Identification,46,Day
2025-10-23,Emotion Identification,45,Day
2025-10-24,Emotion Identification,61,Day
2025-10-25,Emotion Identification,40,Day
2025-10-26,Emotion Identification,21,Day
2025-10-27,Emotion Identification,24,Day
2025-10-28,Emotion Identification,45,Day
2025-10-29,Emotion Identification,40,Day
2025-10-30,Emotion Identification,28,Day
2025-10-31,Emotion Identification,16,Day
2025-11-01,Emotion Identification,23,Day
2025-11-02,Emotion Identification,17,Day
2025-11-03,Emotion Identification,1,Day
2025_09,Emotion Identification,1158,Month
2025_10,Emotion Identification,14976,Month
2025_11,Emotion Identification,41,Month
2025_39,Emotion Identification,1158,Week
2025_40,Emotion Identification,10923,Week
2025_41,Emotion Identification,3024,Week
2025_42,Emotion Identification,663,Week
2025_43,Emotion Identification,282,Week
2025_44,Emotion Identification,125,Week
2025-09-26,Beginning Sound Ba/Ra/Na,202,Day
2025-09-27,Beginning Sound Ba/Ra/Na,374,Day
2025-09-28,Beginning Sound Ba/Ra/Na,177,Day
2025-09-29,Beginning Sound Ba/Ra/Na,249,Day
2025-09-30,Beginning Sound Ba/Ra/Na,221,Day
2025-10-01,Beginning Sound Ba/Ra/Na,2504,Day
2025-10-02,Beginning Sound Ba/Ra/Na,1131,Day
2025-10-03,Beginning Sound Ba/Ra/Na,2692,Day
2025-10-04,Beginning Sound Ba/Ra/Na,1617,Day
2025-10-05,Beginning Sound Ba/Ra/Na,427,Day
2025-10-06,Beginning Sound Ba/Ra/Na,598,Day
2025-10-07,Beginning Sound Ba/Ra/Na,842,Day
2025-10-08,Beginning Sound Ba/Ra/Na,364,Day
2025-10-09,Beginning Sound Ba/Ra/Na,161,Day
2025-10-10,Beginning Sound Ba/Ra/Na,91,Day
2025-10-11,Beginning Sound Ba/Ra/Na,93,Day
2025-10-12,Beginning Sound Ba/Ra/Na,82,Day
2025-10-13,Beginning Sound Ba/Ra/Na,111,Day
2025-10-14,Beginning Sound Ba/Ra/Na,126,Day
2025-10-15,Beginning Sound Ba/Ra/Na,84,Day
2025-10-16,Beginning Sound Ba/Ra/Na,40,Day
2025-10-17,Beginning Sound Ba/Ra/Na,46,Day
2025-10-18,Beginning Sound Ba/Ra/Na,29,Day
2025-10-19,Beginning Sound Ba/Ra/Na,22,Day
2025-10-20,Beginning Sound Ba/Ra/Na,24,Day
2025-10-21,Beginning Sound Ba/Ra/Na,18,Day
2025-10-22,Beginning Sound Ba/Ra/Na,16,Day
2025-10-23,Beginning Sound Ba/Ra/Na,21,Day
2025-10-24,Beginning Sound Ba/Ra/Na,20,Day
2025-10-25,Beginning Sound Ba/Ra/Na,13,Day
2025-10-26,Beginning Sound Ba/Ra/Na,19,Day
2025-10-27,Beginning Sound Ba/Ra/Na,16,Day
2025-10-28,Beginning Sound Ba/Ra/Na,15,Day
2025-10-29,Beginning Sound Ba/Ra/Na,21,Day
2025-10-30,Beginning Sound Ba/Ra/Na,11,Day
2025-10-31,Beginning Sound Ba/Ra/Na,9,Day
2025-11-01,Beginning Sound Ba/Ra/Na,11,Day
2025-11-02,Beginning Sound Ba/Ra/Na,8,Day
2025_09,Beginning Sound Ba/Ra/Na,1223,Month
2025_10,Beginning Sound Ba/Ra/Na,11263,Month
2025_11,Beginning Sound Ba/Ra/Na,19,Month
2025_39,Beginning Sound Ba/Ra/Na,1223,Week
2025_40,Beginning Sound Ba/Ra/Na,9811,Week
2025_41,Beginning Sound Ba/Ra/Na,1028,Week
2025_42,Beginning Sound Ba/Ra/Na,263,Week
2025_43,Beginning Sound Ba/Ra/Na,120,Week
2025_44,Beginning Sound Ba/Ra/Na,60,Week
2025-07-02,All Games,758,Day
2025-07-03,All Games,196,Day
2025-07-04,All Games,891,Day
2025-07-05,All Games,10514,Day
2025-07-06,All Games,3242,Day
2025-07-07,All Games,12280,Day
2025-07-08,All Games,4720,Day
2025-07-09,All Games,11277,Day
2025-07-10,All Games,3519,Day
2025-07-11,All Games,12955,Day
2025-07-12,All Games,12924,Day
2025-07-13,All Games,3945,Day
2025-07-14,All Games,10098,Day
2025-07-15,All Games,3959,Day
2025-07-16,All Games,5859,Day
2025-07-17,All Games,2586,Day
2025-07-18,All Games,6964,Day
2025-07-19,All Games,2982,Day
2025-07-20,All Games,1392,Day
2025-07-21,All Games,5778,Day
2025-07-22,All Games,1306,Day
2025-07-30,All Games,14865,Day
2025-07-31,All Games,9017,Day
2025-08-01,All Games,14691,Day
2025-08-02,All Games,6784,Day
2025-08-03,All Games,1537,Day
2025-08-04,All Games,1205,Day
2025-08-05,All Games,808,Day
2025-08-06,All Games,8403,Day
2025-08-07,All Games,5070,Day
2025-08-08,All Games,10095,Day
2025-08-09,All Games,8763,Day
2025-08-10,All Games,4690,Day
2025-08-11,All Games,2079,Day
2025-08-12,All Games,4966,Day
2025-08-13,All Games,9174,Day
2025-08-14,All Games,4780,Day
2025-08-15,All Games,7317,Day
2025-08-16,All Games,7375,Day
2025-08-17,All Games,4032,Day
2025-08-18,All Games,4926,Day
2025-08-19,All Games,5066,Day
2025-08-20,All Games,9064,Day
2025-08-21,All Games,4856,Day
2025-08-22,All Games,8640,Day
2025-08-23,All Games,14580,Day
2025-08-24,All Games,6928,Day
2025-08-25,All Games,3506,Day
2025-08-26,All Games,2263,Day
2025-08-27,All Games,4013,Day
2025-08-28,All Games,2769,Day
2025-08-29,All Games,2841,Day
2025-08-30,All Games,2667,Day
2025-08-31,All Games,1710,Day
2025-09-01,All Games,3753,Day
2025-09-02,All Games,2653,Day
2025-09-03,All Games,9817,Day
2025-09-04,All Games,5748,Day
2025-09-05,All Games,9276,Day
2025-09-06,All Games,4666,Day
2025-09-07,All Games,1195,Day
2025-09-08,All Games,7066,Day
2025-09-09,All Games,8112,Day
2025-09-10,All Games,8982,Day
2025-09-11,All Games,10133,Day
2025-09-12,All Games,10584,Day
2025-09-13,All Games,10971,Day
2025-09-14,All Games,10440,Day
2025-09-15,All Games,11155,Day
2025-09-16,All Games,11276,Day
2025-09-17,All Games,10336,Day
2025-09-18,All Games,6171,Day
2025-09-19,All Games,10800,Day
2025-09-20,All Games,14623,Day
2025-09-21,All Games,7498,Day
2025-09-22,All Games,11296,Day
2025-09-23,All Games,6971,Day
2025-09-24,All Games,8630,Day
2025-09-25,All Games,5466,Day
2025-09-26,All Games,8154,Day
2025-09-27,All Games,8931,Day
2025-09-28,All Games,4180,Day
2025-09-29,All Games,6296,Day
2025-09-30,All Games,6236,Day
2025-10-01,All Games,6690,Day
2025-10-02,All Games,3220,Day
2025-10-03,All Games,6187,Day
2025-10-04,All Games,6630,Day
2025-10-05,All Games,3323,Day
2025-10-06,All Games,5908,Day
2025-10-07,All Games,6162,Day
2025-10-08,All Games,6607,Day
2025-10-09,All Games,3834,Day
2025-10-10,All Games,5526,Day
2025-10-11,All Games,3995,Day
2025-10-12,All Games,1868,Day
2025-10-13,All Games,2389,Day
2025-10-14,All Games,2629,Day
2025-10-15,All Games,6254,Day
2025-10-16,All Games,3696,Day
2025-10-17,All Games,5602,Day
2025-10-18,All Games,4143,Day
2025-10-19,All Games,2159,Day
2025-10-20,All Games,2722,Day
2025-10-21,All Games,2578,Day
2025-10-22,All Games,4574,Day
2025-10-23,All Games,3012,Day
2025-10-24,All Games,4782,Day
2025-10-25,All Games,3718,Day
2025-10-26,All Games,1848,Day
2025-10-27,All Games,2763,Day
2025-10-28,All Games,2311,Day
2025-10-29,All Games,2627,Day
2025-10-30,All Games,2013,Day
2025-10-31,All Games,3421,Day
2025-11-01,All Games,2965,Day
2025-11-02,All Games,1663,Day
2025-11-03,All Games,210,Day
2025_07,All Games,142027,Month
2025_08,All Games,175598,Month
2025_09,All Games,241415,Month
2025_10,All Games,123191,Month
2025_11,All Games,4838,Month
2025_27,All Games,32601,Week
2025_28,All Games,58677,Week
2025_29,All Games,26867,Week
2025_31,All Games,48907,Week
2025_32,All Games,44066,Week
2025_33,All Games,42670,Week
2025_34,All Games,49837,Week
2025_35,All Games,20406,Week
2025_36,All Games,45880,Week
2025_37,All Games,73541,Week
2025_38,All Games,67695,Week
2025_39,All Games,47893,Week
2025_40,All Games,38120,Week
2025_41,All Games,26848,Week
2025_42,All Games,27154,Week
2025_43,All Games,23008,Week
2025_44,All Games,12899,Week
